Workbook

Sheet Vật tư hàng hóa
A1: Mã VTHH (*) | B1: Tên VTHH (*) | C1: ĐVT chính | D1: Số lượng tồn tối thiểu | E1: Giá bán cố định | F1: Giá bán 1 | G1: Giá bán 2 | H1: Giá bán 3 | I1: Số lượng từ | J1: Số lượng đến | K1: Loại chiết khấu | L1: % hoặc số tiền CK | M1: Đơn vị tính | N1: Đơn giá mua | O1: ĐVT chuyển đổi | P1: Tỷ lệ chuyển đổi | Q1: Phép tính | R1: Giá bán cố định theo ĐVT chuyển đổi | S1: Giá bán 1 theo ĐVT chuyển đổi | T1: Giá bán 2 theo ĐVT chuyển đổi | U1: Giá bán 3 theo ĐVT chuyển đổi | V1: Mã VTHH lắp ráp/ tháo dỡ | W1: Đơn vị tính VTHH lắp ráp/ tháo dỡ | X1: Số lượng VTHH lắp ráp/ tháo dỡ | Y1: Đơn giá VTHH lắp ráp/ tháo dỡ | Z1: Thành tiền VTHH lắp ráp/ tháo dỡ
A2: Bánh Khoai Tây xá 4kg | B2: Bánh Khoai Tây xá 4kg | C2: kg | D2: 0 | E2: 58850 | O2: Thùng | P2: 4 | Q2: * | R2: 235400 | S2: 0 | T2: 0 | U2: 0
A3: Kẹo Dẻo Bóc Vỏ vị Xoài 1kg PC | B3: Kẹo Dẻo Bóc Vỏ vị Xoài 1kg PC | C3: Gói | D3: 0 | E3: 91300
A4: VP26_01 | B4: Nước T-REXX Oishi Túi 180ml (5 bịch/T) | C4: Bịch | D4: 0 | E4: 28160.007 | O4: Thùng | P4: 5 | Q4: * | R4: 140800.04 | S4: 0 | T4: 0 | U4: 0
A5: VP26_02 | B5: Bánh snack Oishi 2K (10 bịch/bao) | C5: Bịch | D5: 0 | E5: 15248.077 | O5: Bao | P5: 10 | Q5: * | R5: 152480.77 | S5: 0 | T5: 0 | U5: 0
A6: VP26_03 | B6: Nước ÉP THẠCH Suso (48ly) | C6: Ly | D6: 0 | E6: 3941.6688 | O6: Thùng | P6: 48 | Q6: * | R6: 189200.1 | S6: 0 | T6: 0 | U6: 0
A7: VP26_04 | B7: Thạch Suso Tam Giác TÚI LƯỚI (62 cái) | C7: Cái | D7: 0 | E7: 585.4838 | O7: Gói | P7: 62 | Q7: * | R7: 36299.997 | S7: 0 | T7: 0 | U7: 0
A8: VP26_05 | B8: Bánh Choco PN TÚI 216g (12 cái/túi) | C8: Cái | D8: 0 | E8: 1714.5876 | O8: Túi | P8: 12 | Q8: * | R8: 20575.051 | S8: 0 | T8: 0 | U8: 0
A9: VP26_06 | B9: Kẹo Cao Su Dinos 500g ( 69 viên) | C9: Viên | D9: 0 | E9: 832.5286 | O9: Gói | P9: 69 | Q9: * | R9: 57444.473 | S9: 0 | T9: 0 | U9: 0
A10: VP26_07 | B10: Bánh Lương Khô 370g PC | C10: Gói | D10: 0 | E10: 32568.462
A11: VP26_08 | B11: Kẹo Oishi 85 gram (80 gói/T) | C11: Gói | D11: 0 | E11: 5456 | O11: Thùng | P11: 80 | Q11: * | R11: 436480 | S11: 0 | T11: 0 | U11: 0
A12: VP26_09 | B12: Bánh Pillows Oishi 2K (10 bịch/T) | C12: Bịch | D12: 0 | E12: 15981.425 | O12: Thùng | P12: 10 | Q12: * | R12: 159814.25 | S12: 0 | T12: 0 | U12: 0
A13: VP26_10 | B13: Bánh snack Oishi 5K (8 bịch/bao) | C13: Bịch | D13: 0 | E13: 38500.011 | O13: Bao | P13: 8 | Q13: * | R13: 308000.09 | S13: 0 | T13: 0 | U13: 0
A14: VP26_11 | B14: Bánh snack Oishi LỚN 10K (6 bịch/bao) | C14: Bịch | D14: 0 | E14: 74910 | O14: Bao | P14: 6 | Q14: * | R14: 449460 | S14: 0 | T14: 0 | U14: 0
A15: VP26_12 | B15: Thạch SUSO Tam Giác LỚN (62 cái) | C15: Cái | D15: 0 | E15: 550 | O15: Gói | P15: 62 | Q15: * | R15: 34100 | S15: 0 | T15: 0 | U15: 0
A16: VP26_13 | B16: Bánh Chấm 330g PC (12 cái) | C16: Cái | D16: 0 | E16: 2383.3307 | O16: Gói | P16: 12 | Q16: * | R16: 28599.968 | S16: 0 | T16: 0 | U16: 0
A17: VP26_14 | B17: Sôcôla Trân châu 130g PC | C17: Gói | D17: 0 | E17: 14575
A18: VP26_15 | B18: Bánh CreamO 85g - CÂY LỚN | C18: Cây | D18: 0 | E18: 7512.3548
A19: VP26_16 | B19: Snack URC loại 5K (8 bịch / bao) | C19: Bịch | D19: 0 | E19: 39600 | O19: Bao | P19: 8 | Q19: * | R19: 316800 | S19: 0 | T19: 0 | U19: 0
A20: VP26_17 | B20: Bánh bông lan tam giác nguyên chất vị dâu | C20: Cái | O20: Chiếc | P20: 1 | Q20: * | R20: 0 | S20: 0 | T20: 0 | U20: 0
O21: Thùng | P21: 10 | Q21: * | R21: 0 | S21: 0 | T21: 0 | U21: 0
A22: VP26_18 | B22: Bánh bông lan tam giác nguyên chất vị lá non lúa mạch | C22: Cái | D22: 0 | E22: 15562.8 | O22: Thùng | P22: 10 | Q22: * | R22: 155628 | S22: 0 | T22: 0 | U22: 0
A23: VP26_19 | B23: Bánh bông lan tam giác nguyên chất vị socola | C23: Cái | D23: 0 | E23: 15562.8 | O23: Thùng | P23: 10 | Q23: * | R23: 155628 | S23: 0 | T23: 0 | U23: 0
A24: VP26_20 | B24: Bánh bông lan tam giác nguyên chất vị phô mai | C24: Cái | D24: 0 | E24: 15562.8 | O24: Thùng | P24: 10 | Q24: * | R24: 155628 | S24: 0 | T24: 0 | U24: 0
A25: VP26_21 | B25: Bánh mỳ bơ sữa cuộn nhiều lớp hiệu Gold 100 (2,5kg /carton) | C25: Cái | D25: 0 | E25: 3825.36 | O25: Thùng | P25: 50 | Q25: * | R25: 191268 | S25: 0 | T25: 0 | U25: 0
A26: VP26_22 | B26: Thạch rau câu Long Hải BS Canxi (500gr/túi x 12 túi/thùng) | C26: Túi | D26: 0 | E26: 22000.089 | O26: Thùng | P26: 12 | Q26: * | R26: 264001.07 | S26: 0 | T26: 0 | U26: 0
A27: VP26_23 | B27: Thạch Caramel Lapatie túi - 16g (400g/túi x 12 túi/thùng) - NT | C27: Túi | D27: 0 | E27: 15400 | O27: Thùng | P27: 12 | Q27: * | R27: 184800 | S27: 0 | T27: 0 | U27: 0
A28: VP26_24 | B28: Nước rau câu Đào (95gr/cốc x 100cốc/thùng) - NT | C28: Cốc | D28: 0 | E28: 1815 | O28: Thùng | P28: 100 | Q28: * | R28: 181500 | S28: 0 | T28: 0 | U28: 0
A29: VP26_25 | B29: Nước rau câu Cam (95gr/cốc x 100cốc/thùng) - NT | C29: Cốc | D29: 0 | E29: 1815 | O29: Thùng | P29: 100 | Q29: * | R29: 181500 | S29: 0 | T29: 0 | U29: 0
A30: VP26_26 | B30: Bánh mì toast ngàn lớp sữa bò (milk thousand layer toast) | C30: Cái | D30: 0 | E30: 6682.5 | O30: Thùng | P30: 24 | Q30: * | R30: 160380 | S30: 0 | T30: 0 | U30: 0
A31: VP26_27 | B31: Bánh vị sữa chua | C31: Cái | D31: 0 | E31: 6088.5 | O31: Thùng | P31: 24 | Q31: * | R31: 146124 | S31: 0 | T31: 0 | U31: 0
A32: VP26_28 | B32: Cà Phê Phố HỘP sữa đá (10 gói/Hộp) | C32: Gói | D32: 0 | E32: 4972 | O32: Hộp | P32: 10 | Q32: * | R32: 49720 | S32: 0 | T32: 0 | U32: 0
A33: VP26_29 | B33: Nui 5K Hoàng Thắng 50g (100 gói/T) | C33: Gói | D33: 0 | E33: 4551.25 | O33: Thùng | P33: 100 | Q33: * | R33: 455125 | S33: 0 | T33: 0 | U33: 0
... A37: VP26_33 | B37: Thạch SUSO Tam Giác 330g Nhỏ (27 cái) | C37: Cái | D37: 0 | E37: 631.481 | O37: Gói | P37: 27 | Q37: * | R37: 17049.986 | S37: 0 | T37: 0 | U37: 0
A38: VP26_34 | B38: Bánh Phồng Tôm ĐẶC BIỆT 200g | C38: Hộp | D38: 0 | E38: 17600
A39: VP26_35 | B39: Bánh Que Oishi Akiko 1K (10 bịch/T) | C39: Bịch | D39: 0 | E39: 15707.994 | O39: Thùng | P39: 10 | Q39: * | R39: 157079.94 | S39: 0 | T39: 0 | U39: 0
A40: VP26_36 | B40: Trà Cúc 2 (ba đồng tiền) | C40: Lon | D40: 0 | E40: 56100
A41: VP26_37 | B41: Bánh quy hộp THIẾC VUÔNG 400g | C41: Hộp | D41: 0 | E41: 47300
A42: VP26_38 | B42: Coke 320ml - Coca Lon LỚN | C42: Lon | D42: 0 | E42: 9166.6716 | O42: Thùng | P42: 24 | Q42: * | R42: 220000.12 | S42: 0 | T42: 0 | U42: 0
A43: VP26_39 | B43: Bánh XỐP Kem Cẩm Huê 5kg | C43: Cái | D43: 0 | E43: 9487.5 | O43: Thùng | P43: 24 | Q43: * | R43: 227700 | S43: 0 | T43: 0 | U43: 0
A44: VP26_40 | B44: Coke 300ml - Coca Chai Nhí 5K | C44: Chai | D44: 0 | E44: 4285.4429 | O44: Thùng | P44: 24 | Q44: * | R44: 102850.63 | S44: 0 | T44: 0 | U44: 0
A45: VP26_41 | B45: Đậu phộng Oishi 1K (20 dây/T) | C45: Dây | D45: 0 | E45: 7636.53 | O45: Thùng | P45: 20 | Q45: * | R45: 152730.6 | S45: 0 | T45: 0 | U45: 0
A46: VP26_42 | B46: Bánh tươi Karo (6 cái x 12 Túi / Thùng) | C46: Túi | D46: 0 | E46: 28769.221 | O46: Thùng | P46: 12 | Q46: * | R46: 345230.65 | S46: 0 | T46: 0 | U46: 0
A47: VP26_43 | B47: Thạch SUSO Cây Dài (24 cái) | C47: Cái | D47: 0 | E47: 1375 | O47: Gói | P47: 24 | Q47: * | R47: 33000 | S47: 0 | T47: 0 | U47: 0
A48: VP26_44 | B48: Bánh Pillows Oishi 5K (6 bịch/T) | C48: Bịch | D48: 0 | E48: 39600 | O48: Thùng | P48: 6 | Q48: * | R48: 237600 | S48: 0 | T48: 0 | U48: 0
A49: VP26_45 | B49: Mì Vàng Enaak 30g (24 gói/Hộp) | C49: Gói | D49: 0 | E49: 5500 | O49: Hộp | P49: 24 | Q49: * | R49: 132000 | S49: 0 | T49: 0 | U49: 0
A50: VP26_46 | B50: Nước ÉP THẠCH Suso (48 ly) | C50: Ly | D50: 0 | E50: 3941.6656 | O50: Thùng | P50: 48 | Q50: * | R50: 189199.95 | S50: 0 | T50: 0 | U50: 0
A51: VP26_47 | B51: Kẹo Cao Su Dinos 500g (69 viên) | C51: Viên | D51: 0 | E51: 828.9848 | O51: Gói | P51: 69 | Q51: * | R51: 57199.951 | S51: 0 | T51: 0 | U51: 0
A52: VP26_48 | B52: Bánh Lương Khô MIX 1kg PC | C52: Gói | D52: 0 | E52: 86900
A53: VP26_49 | B53: Bánh Mứt Dâu Xá 4kg PC | C53: kg | D53: 0 | E53: 61874.764 | O53: Thùng | P53: 4 | Q53: * | R53: 247499.06 | S53: 0 | T53: 0 | U53: 0
A54: VP26_50 | B54: Nước Túi Oishi (10 túi x 5 bịch / T) | C54: Túi | O54: Bịch | P54: 10 | Q54: * | R54: 0 | S54: 0 | T54: 0 | U54: 0
O55: Thùng | P55: 50 | Q55: * | R55: 0 | S55: 0 | T55: 0 | U55: 0
A56: VP26_51 | B56: Kẹo Mút Sữa Milkita - bịch 50 que | C56: Que | D56: 0 | E56: 1694 | O56: Bịch | P56: 50 | Q56: * | R56: 84700 | S56: 0 | T56: 0 | U56: 0
A57: VP26_52 | B57: Rong Biển Thái - Norita (13 cái/gói) | C57: Cái | D57: 0 | E57: 3046.1605 | O57: Gói | P57: 13 | Q57: * | R57: 39600.087 | S57: 0 | T57: 0 | U57: 0
A58: VP26_53 | B58: Bánh Gạo rang Oishi (20 gói/T) | C58: Gói | D58: 0 | E58: 16500 | O58: Thùng | P58: 20 | Q58: * | R58: 330000 | S58: 0 | T58: 0 | U58: 0
A59: VP26_54 | B59: Bánh XỐP Tứ Quý ĐỨC HƯNG 4kg | C59: kg | D59: 0 | E59: 60500 | O59: Thùng | P59: 4 | Q59: * | R59: 242000 | S59: 0 | T59: 0 | U59: 0
A60: VP26_55 | B60: Bánh Khoai Tây MP xá 4kg | C60: kg | D60: 0 | E60: 61600 | O60: Thùng | P60: 4 | Q60: * | R60: 246400 | S60: 0 | T60: 0 | U60: 0
A61: VP26_56 | B61: Kẹo Xốp nhân Oishi (12 gói/T) | C61: Gói | D61: 0 | E61: 14300 | O61: Thùng | P61: 12 | Q61: * | R61: 171600 | S61: 0 | T61: 0 | U61: 0
A62: VP26_57 | B62: Mi Snack Enaak Huong BBQ Xong Khoi 28gx120goi | C62: Gói | D62: 0 | E62: 4950
A63: VP26_58 | B63: Mi snack Enaak huong ga 30gr | C63: Gói | D63: 0 | E63: 5041.6677
A64: VP26_59 | B64: Bánh bông lan tam giác hương chuối | C64: Cái | D64: 0 | E64: 8375.4 | O64: Thùng | P64: 20 | Q64: * | R64: 167508 | S64: 0 | T64: 0 | U64: 0
A65: VP26_60 | B65: Bánh tart trứng vị chà bông thịt nướng | C65: Cái | D65: 0 | E65: 7425 | O65: Thùng | P65: 32 | Q65: * | R65: 237600 | S65: 0 | T65: 0 | U65: 0
A66: VP26_61 | B66: Bánh mì xé tay hình đĩa nhạc | C66: Cái | D66: 0 | E66: 9068.4 | O66: Thùng | P66: 30 | Q66: * | R66: 272052 | S66: 0 | T66: 0 | U66: 0
A67: VP26_62 | B67: Thạch rau câu Long Hải BS Canxi (500gr/túi x 12 túi/thùng) - NT | C67: Gram | O67: Túi | P67: 500 | Q67: * | R67: 0 | S67: 0 | T67: 0 | U67: 0
O68: Thùng | P68: 6000 | Q68: * | R68: 0 | S68: 0 | T68: 0 | U68: 0
A69: VP26_63 | B69: Bánh mỳ chà bông phô mai (nhãn hiệu LexJazz), 100g x 36pack/carton | C69: Gói | D69: 0 | E69: 9471 | O69: Thùng | P69: 36 | Q69: * | R69: 340956 | S69: 0 | T69: 0 | U69: 0
A70: VP26_64 | B70: Kẹo Nhai 3 Viên 112,5g | C70: Gói | D70: 0 | E70: 14630
A71: VP26_65 | B71: Kẹo Nhai 3 Viên XÁ - 1 KG | C71: kg | D71: 0 | E71: 106700 | O71: Gói | P71: 1 | Q71: * | R71: 106700 | S71: 0 | T71: 0 | U71: 0
A72: VP26_66 | B72: Bánh Mì Tươi Sandwich Bơ Đậu Phộng | C72: Cái | E72: 86700 | O72: Bịch | P72: 20 | Q72: * | R72: 0 | S72: 0 | T72: 0 | U72: 0
O73: Thùng | P73: 200 | Q73: * | R73: 0 | S73: 0 | T73: 0 | U73: 0
A74: VP26_67 | B74: DOOWEE DONUT HỖN HỢP 29Gx12x10 | C74: Cái | O74: Thùng | P74: 120 | Q74: * | R74: 0 | S74: 0 | T74: 0 | U74: 0
O75: Bịch | P75: 12 | Q75: * | R75: 0 | S75: 0 | T75: 0 | U75: 0

Sheet T4.2026
A1: Mã VTHH (*) | B1: Tên VTHH (*) | C1: ĐVT chính | D1: Giá bán cố định | E1: Tồn gốc (ẩn) | F1: Tồn hiện tại
A2: Bánh Khoai Tây xá 4kg | B2: Bánh Khoai Tây xá 4kg | C2: kg | D2: 58850 | E2: 4 | F2: =IF(A2="","",E2-SUMIF('SL bán theo ngày'!$A$9:$A$82,A2,'SL bán theo ngày'!$AJ$9:$AJ$82)) -> 0
A3: VP26_01 | B3: Nước T-REXX Oishi Túi 180ml (5 bịch/T) | C3: Bịch | D3: 28160.007 | E3: 25 | F3: =IF(A3="","",E3-SUMIF('SL bán theo ngày'!$A$9:$A$82,A3,'SL bán theo ngày'!$AJ$9:$AJ$82)) -> 0
A4: VP26_02 | B4: Bánh snack Oishi 2K (10 bịch/bao) | C4: Bịch | D4: 15248.077 | E4: 280 | F4: =IF(A4="","",E4-SUMIF('SL bán theo ngày'!$A$9:$A$82,A4,'SL bán theo ngày'!$AJ$9:$AJ$82)) -> 15
A5: VP26_10 | B5: Bánh snack Oishi 5K (8 bịch/bao) | C5: Bịch | D5: 38500.011 | E5: 8 | F5: =IF(A5="","",E5-SUMIF('SL bán theo ngày'!$A$9:$A$82,A5,'SL bán theo ngày'!$AJ$9:$AJ$82)) -> 1
A6: VP26_13 | B6: Bánh Chấm 330g PC (12 cái) | C6: Cái | D6: 2383.3307 | E6: 120 | F6: =IF(A6="","",E6-SUMIF('SL bán theo ngày'!$A$9:$A$82,A6,'SL bán theo ngày'!$AJ$9:$AJ$82)) -> 8
A7: VP26_32 | B7: Thạch miếng nhỏ Suso LƯỚI 800g (62 cái) | C7: Cái | D7: 550 | E7: 372 | F7: =IF(A7="","",E7-SUMIF('SL bán theo ngày'!$A$9:$A$82,A7,'SL bán theo ngày'!$AJ$9:$AJ$82)) -> 21
A8: VP26_40 | B8: Coke 300ml - Coca Chai Nhí 5K | C8: Chai | D8: 4285.4429 | E8: 24 | F8: =IF(A8="","",E8-SUMIF('SL bán theo ngày'!$A$9:$A$82,A8,'SL bán theo ngày'!$AJ$9:$AJ$82)) -> 2
A9: VP26_41 | B9: Đậu phộng Oishi 1K (20 dây/T) | C9: Dây | D9: 7636.53 | E9: 20 | F9: =IF(A9="","",E9-SUMIF('SL bán theo ngày'!$A$9:$A$82,A9,'SL bán theo ngày'!$AJ$9:$AJ$82)) -> 2
A10: VP26_43 | B10: Thạch SUSO Cây Dài (24 cái) | C10: Cái | D10: 1375 | E10: 432 | F10: =IF(A10="","",E10-SUMIF('SL bán theo ngày'!$A$9:$A$82,A10,'SL bán theo ngày'!$AJ$9:$AJ$82)) -> 26
A11: VP26_45 | B11: Mì Vàng Enaak 30g (24 gói/Hộp) | C11: Gói | D11: 5500 | E11: 144 | F11: =IF(A11="","",E11-SUMIF('SL bán theo ngày'!$A$9:$A$82,A11,'SL bán theo ngày'!$AJ$9:$AJ$82)) -> 9
A12: VP26_46 | B12: Nước ÉP THẠCH Suso (48 ly) | C12: Ly | D12: 3941.6656 | E12: 480 | F12: =IF(A12="","",E12-SUMIF('SL bán theo ngày'!$A$9:$A$82,A12,'SL bán theo ngày'!$AJ$9:$AJ$82)) -> 29
A13: VP26_47 | B13: Kẹo Cao Su Dinos 500g (69 viên) | C13: Viên | D13: 828.9848 | E13: 759 | F13: =IF(A13="","",E13-SUMIF('SL bán theo ngày'!$A$9:$A$82,A13,'SL bán theo ngày'!$AJ$9:$AJ$82)) -> 46
... A15: VP26_50 | B15: Nước Túi Oishi (10 túi x 5 bịch / T) | C15: Túi | D15: 2560 | E15: 500 | F15: =IF(A15="","",E15-SUMIF('SL bán theo ngày'!$A$9:$A$82,A15,'SL bán theo ngày'!$AJ$9:$AJ$82)) -> 30
F26: =IF(A26="","",E26-SUMIF('SL bán theo ngày'!$A$9:$A$82,A26,'SL bán theo ngày'!$AJ$9:$AJ$82))
F27: =IF(A27="","",E27-SUMIF('SL bán theo ngày'!$A$9:$A$82,A27,'SL bán theo ngày'!$AJ$9:$AJ$82))
F28: =IF(A28="","",E28-SUMIF('SL bán theo ngày'!$A$9:$A$82,A28,'SL bán theo ngày'!$AJ$9:$AJ$82))
F29: =IF(A29="","",E29-SUMIF('SL bán theo ngày'!$A$9:$A$82,A29,'SL bán theo ngày'!$AJ$9:$AJ$82))
F30: =IF(A30="","",E30-SUMIF('SL bán theo ngày'!$A$9:$A$82,A30,'SL bán theo ngày'!$AJ$9:$AJ$82))
F31: =IF(A31="","",E31-SUMIF('SL bán theo ngày'!$A$9:$A$82,A31,'SL bán theo ngày'!$AJ$9:$AJ$82))
F32: =IF(A32="","",E32-SUMIF('SL bán theo ngày'!$A$9:$A$82,A32,'SL bán theo ngày'!$AJ$9:$AJ$82))
F33: =IF(A33="","",E33-SUMIF('SL bán theo ngày'!$A$9:$A$82,A33,'SL bán theo ngày'!$AJ$9:$AJ$82))
F34: =IF(A34="","",E34-SUMIF('SL bán theo ngày'!$A$9:$A$82,A34,'SL bán theo ngày'!$AJ$9:$AJ$82))
F35: =IF(A35="","",E35-SUMIF('SL bán theo ngày'!$A$9:$A$82,A35,'SL bán theo ngày'!$AJ$9:$AJ$82))
F36: =IF(A36="","",E36-SUMIF('SL bán theo ngày'!$A$9:$A$82,A36,'SL bán theo ngày'!$AJ$9:$AJ$82))
F37: =IF(A37="","",E37-SUMIF('SL bán theo ngày'!$A$9:$A$82,A37,'SL bán theo ngày'!$AJ$9:$AJ$82))
... F75: =IF(A75="","",E75-SUMIF('SL bán theo ngày'!$A$9:$A$82,A75,'SL bán theo ngày'!$AJ$9:$AJ$82))

Sheet Phân bổ bán hàng
A1: PHÂN BỔ BÁN HÀNG THEO TỔNG TIỀN
A2: Nhập tổng tiền tại ô B3. Mọi mặt hàng có dữ liệu trong T4.2026 đều được đảo vị trí; phân bổ ngẫu nhiên ưu tiên tồn nhiều. Mặt hàng cuối tự cân chênh lệch.
A3: Tổng tiền cần phân bổ | B3: 415000 | D3: Tổng đã phân bổ | E3: =SUM(G7:G80) -> 415998 | G3: Chênh lệch | H3: =E3-B3 -> 998
A4: Trạng thái | B4: =IF(B3<=0,"Hãy nhập tổng tiền",IF(ABS(H3)<=500,"Đã khớp gần đúng","Còn chênh lệch do giới hạn tồn kho/đơn giá")) -> Còn chênh lệch do giới hạn tồn kho/đơn giá
A6: Mã VTHH | B6: Tên VTHH | C6: ĐVT | D6: Đơn giá | E6: Tồn trước bán | F6: SL bán | G6: Thành tiền | H6: Tồn sau bán | I6: Dòng nguồn | J6: Khóa đảo
A7: {=IF(ROWS($A$7:A7)>COUNTIF('T4.2026'!$A$2:$A$75,"?*"),"",INDEX('T4.2026'!A:A,INDEX($I$7:$I$80,MATCH(SMALL($J$7:$J$80,ROWS($A$7:A7)),$J$7:$J$80,0))))} -> VP26_40 | B7: {=IF($A7="","",INDEX('T4.2026'!B:B,INDEX($I$7:$I$80,MATCH(SMALL($J$7:$J$80,ROWS($A$7:A7)),$J$7:$J$80,0))))} -> Coke 300ml - Coca Chai Nhí 5K | C7: {=IF($A7="","",INDEX('T4.2026'!C:C,INDEX($I$7:$I$80,MATCH(SMALL($J$7:$J$80,ROWS($A$7:A7)),$J$7:$J$80,0))))} -> Chai | D7: {=IF($A7="","",ROUND(INDEX('T4.2026'!D:D,INDEX($I$7:$I$80,MATCH(SMALL($J$7:$J$80,ROWS($A$7:A7)),$J$7:$J$80,0))),0))} -> 4285 | E7: {=IF($A7="","",INDEX('T4.2026'!E:E,INDEX($I$7:$I$80,MATCH(SMALL($J$7:$J$80,ROWS($A$7:A7)),$J$7:$J$80,0))))} -> 24 | F7: {=IF($A7="","",IF(ROWS($A$7:A7)=COUNTIF('T4.2026'!$A$2:$A$75,"?*"),MIN(E7,MAX(0,ROUND(($B$3-SUM($G$6:G6))/D7,0))),MIN(E7,MAX(0,ROUNDDOWN(($B$3*(E7*(0.5+MOD(ABS(SIN($B$3*0.001+ROW()*12.9898))*43758.5453,1)))/SUMPRODUCT($E$7:$E$80,0.5+MOD(ABS(SIN($B$3*0.001+ROW($E$7:$E$80)*12.9898))*43758.5453,1)))/D7,0)))))} -> 0 | G7: =IF($A7="","",F7*D7) -> 0 | H7: =IF($A7="","",E7-F7) -> 24 | I7: =IF(ROWS($I$7:I7)<=COUNTIF('T4.2026'!$A$2:$A$75,"?*"),ROWS($I$7:I7)+1,"") -> 2 | J7: =IF(I7="",1E+99,MOD(ABS(SIN($B$3*0.001+I7*12.9898))*43758.5453,1)) -> 0.82708851
A8: {=IF(ROWS($A$7:A8)>COUNTIF('T4.2026'!$A$2:$A$75,"?*"),"",INDEX('T4.2026'!A:A,INDEX($I$7:$I$80,MATCH(SMALL($J$7:$J$80,ROWS($A$7:A8)),$J$7:$J$80,0))))} -> VP26_43 | B8: {=IF($A8="","",INDEX('T4.2026'!B:B,INDEX($I$7:$I$80,MATCH(SMALL($J$7:$J$80,ROWS($A$7:A8)),$J$7:$J$80,0))))} -> Thạch SUSO Cây Dài (24 cái) | C8: {=IF($A8="","",INDEX('T4.2026'!C:C,INDEX($I$7:$I$80,MATCH(SMALL($J$7:$J$80,ROWS($A$7:A8)),$J$7:$J$80,0))))} -> Cái | D8: {=IF($A8="","",ROUND(INDEX('T4.2026'!D:D,INDEX($I$7:$I$80,MATCH(SMALL($J$7:$J$80,ROWS($A$7:A8)),$J$7:$J$80,0))),0))} -> 1375 | E8: {=IF($A8="","",INDEX('T4.2026'!E:E,INDEX($I$7:$I$80,MATCH(SMALL($J$7:$J$80,ROWS($A$7:A8)),$J$7:$J$80,0))))} -> 432 | F8: {=IF($A8="","",IF(ROWS($A$7:A8)=COUNTIF('T4.2026'!$A$2:$A$75,"?*"),MIN(E8,MAX(0,ROUND(($B$3-SUM($G$6:G7))/D8,0))),MIN(E8,MAX(0,ROUNDDOWN(($B$3*(E8*(0.5+MOD(ABS(SIN($B$3*0.001+ROW()*12.9898))*43758.5453,1)))/SUMPRODUCT($E$7:$E$80,0.5+MOD(ABS(SIN($B$3*0.001+ROW($E$7:$E$80)*12.9898))*43758.5453,1)))/D8,0)))))} -> 27 | G8: =IF($A8="","",F8*D8) -> 37125 | H8: =IF($A8="","",E8-F8) -> 405 | I8: =IF(ROWS($I$7:I8)<=COUNTIF('T4.2026'!$A$2:$A$75,"?*"),ROWS($I$7:I8)+1,"") -> 3 | J8: =IF(I8="",1E+99,MOD(ABS(SIN($B$3*0.001+I8*12.9898))*43758.5453,1)) -> 0.66858763
A9: {=IF(ROWS($A$7:A9)>COUNTIF('T4.2026'!$A$2:$A$75,"?*"),"",INDEX('T4.2026'!A:A,INDEX($I$7:$I$80,MATCH(SMALL($J$7:$J$80,ROWS($A$7:A9)),$J$7:$J$80,0))))} -> VP26_13 | B9: {=IF($A9="","",INDEX('T4.2026'!B:B,INDEX($I$7:$I$80,MATCH(SMALL($J$7:$J$80,ROWS($A$7:A9)),$J$7:$J$80,0))))} -> Bánh Chấm 330g PC (12 cái) | C9: {=IF($A9="","",INDEX('T4.2026'!C:C,INDEX($I$7:$I$80,MATCH(SMALL($J$7:$J$80,ROWS($A$7:A9)),$J$7:$J$80,0))))} -> Cái | D9: {=IF($A9="","",ROUND(INDEX('T4.2026'!D:D,INDEX($I$7:$I$80,MATCH(SMALL($J$7:$J$80,ROWS($A$7:A9)),$J$7:$J$80,0))),0))} -> 2383 | E9: {=IF($A9="","",INDEX('T4.2026'!E:E,INDEX($I$7:$I$80,MATCH(SMALL($J$7:$J$80,ROWS($A$7:A9)),$J$7:$J$80,0))))} -> 120 | F9: {=IF($A9="","",IF(ROWS($A$7:A9)=COUNTIF('T4.2026'!$A$2:$A$75,"?*"),MIN(E9,MAX(0,ROUND(($B$3-SUM($G$6:G8))/D9,0))),MIN(E9,MAX(0,ROUNDDOWN(($B$3*(E9*(0.5+MOD(ABS(SIN($B$3*0.001+ROW()*12.9898))*43758.5453,1)))/SUMPRODUCT($E$7:$E$80,0.5+MOD(ABS(SIN($B$3*0.001+ROW($E$7:$E$80)*12.9898))*43758.5453,1)))/D9,0)))))} -> 12 | G9: =IF($A9="","",F9*D9) -> 28596 | H9: =IF($A9="","",E9-F9) -> 108 | I9: =IF(ROWS($I$7:I9)<=COUNTIF('T4.2026'!$A$2:$A$75,"?*"),ROWS($I$7:I9)+1,"") -> 4 | J9: =IF(I9="",1E+99,MOD(ABS(SIN($B$3*0.001+I9*12.9898))*43758.5453,1)) -> 0.7877366
A10: {=IF(ROWS($A$7:A10)>COUNTIF('T4.2026'!$A$2:$A$75,"?*"),"",INDEX('T4.2026'!A:A,INDEX($I$7:$I$80,MATCH(SMALL($J$7:$J$80,ROWS($A$7:A10)),$J$7:$J$80,0))))} -> VP26_47 | B10: {=IF($A10="","",INDEX('T4.2026'!B:B,INDEX($I$7:$I$80,MATCH(SMALL($J$7:$J$80,ROWS($A$7:A10)),$J$7:$J$80,0))))} -> Kẹo Cao Su Dinos 500g (69 viên) | C10: {=IF($A10="","",INDEX('T4.2026'!C:C,INDEX($I$7:$I$80,MATCH(SMALL($J$7:$J$80,ROWS($A$7:A10)),$J$7:$J$80,0))))} -> Viên | D10: {=IF($A10="","",ROUND(INDEX('T4.2026'!D:D,INDEX($I$7:$I$80,MATCH(SMALL($J$7:$J$80,ROWS($A$7:A10)),$J$7:$J$80,0))),0))} -> 829 | E10: {=IF($A10="","",INDEX('T4.2026'!E:E,INDEX($I$7:$I$80,MATCH(SMALL($J$7:$J$80,ROWS($A$7:A10)),$J$7:$J$80,0))))} -> 759 | F10: {=IF($A10="","",IF(ROWS($A$7:A10)=COUNTIF('T4.2026'!$A$2:$A$75,"?*"),MIN(E10,MAX(0,ROUND(($B$3-SUM($G$6:G9))/D10,0))),MIN(E10,MAX(0,ROUNDDOWN(($B$3*(E10*(0.5+MOD(ABS(SIN($B$3*0.001+ROW()*12.9898))*43758.5453,1)))/SUMPRODUCT($E$7:$E$80,0.5+MOD(ABS(SIN($B$3*0.001+ROW($E$7:$E$80)*12.9898))*43758.5453,1)))/D10,0)))))} -> 88 | G10: =IF($A10="","",F10*D10) -> 72952 | H10: =IF($A10="","",E10-F10) -> 671 | I10: =IF(ROWS($I$7:I10)<=COUNTIF('T4.2026'!$A$2:$A$75,"?*"),ROWS($I$7:I10)+1,"") -> 5 | J10: =IF(I10="",1E+99,MOD(ABS(SIN($B$3*0.001+I10*12.9898))*43758.5453,1)) -> 0.1573599
A11: {=IF(ROWS($A$7:A11)>COUNTIF('T4.2026'!$A$2:$A$75,"?*"),"",INDEX('T4.2026'!A:A,INDEX($I$7:$I$80,MATCH(SMALL($J$7:$J$80,ROWS($A$7:A11)),$J$7:$J$80,0))))} -> VP26_49 | B11: {=IF($A11="","",INDEX('T4.2026'!B:B,INDEX($I$7:$I$80,MATCH(SMALL($J$7:$J$80,ROWS($A$7:A11)),$J$7:$J$80,0))))} -> Bánh Mứt Dâu Xá 4kg PC | C11: {=IF($A11="","",INDEX('T4.2026'!C:C,INDEX($I$7:$I$80,MATCH(SMALL($J$7:$J$80,ROWS($A$7:A11)),$J$7:$J$80,0))))} -> kg | D11: {=IF($A11="","",ROUND(INDEX('T4.2026'!D:D,INDEX($I$7:$I$80,MATCH(SMALL($J$7:$J$80,ROWS($A$7:A11)),$J$7:$J$80,0))),0))} -> 61875 | E11: {=IF($A11="","",INDEX('T4.2026'!E:E,INDEX($I$7:$I$80,MATCH(SMALL($J$7:$J$80,ROWS($A$7:A11)),$J$7:$J$80,0))))} -> 4 | F11: {=IF($A11="","",IF(ROWS($A$7:A11)=COUNTIF('T4.2026'!$A$2:$A$75,"?*"),MIN(E11,MAX(0,ROUND(($B$3-SUM($G$6:G10))/D11,0))),MIN(E11,MAX(0,ROUNDDOWN(($B$3*(E11*(0.5+MOD(ABS(SIN($B$3*0.001+ROW()*12.9898))*43758.5453,1)))/SUMPRODUCT($E$7:$E$80,0.5+MOD(ABS(SIN($B$3*0.001+ROW($E$7:$E$80)*12.9898))*43758.5453,1)))/D11,0)))))} -> 0 | G11: =IF($A11="","",F11*D11) -> 0 | H11: =IF($A11="","",E11-F11) -> 4 | I11: =IF(ROWS($I$7:I11)<=COUNTIF('T4.2026'!$A$2:$A$75,"?*"),ROWS($I$7:I11)+1,"") -> 6 | J11: =IF(I11="",1E+99,MOD(ABS(SIN($B$3*0.001+I11*12.9898))*43758.5453,1)) -> 0.11586067
A12: {=IF(ROWS($A$7:A12)>COUNTIF('T4.2026'!$A$2:$A$75,"?*"),"",INDEX('T4.2026'!A:A,INDEX($I$7:$I$80,MATCH(SMALL($J$7:$J$80,ROWS($A$7:A12)),$J$7:$J$80,0))))} -> VP26_10 | B12: {=IF($A12="","",INDEX('T4.2026'!B:B,INDEX($I$7:$I$80,MATCH(SMALL($J$7:$J$80,ROWS($A$7:A12)),$J$7:$J$80,0))))} -> Bánh snack Oishi 5K (8 bịch/bao) | C12: {=IF($A12="","",INDEX('T4.2026'!C:C,INDEX($I$7:$I$80,MATCH(SMALL($J$7:$J$80,ROWS($A$7:A12)),$J$7:$J$80,0))))} -> Bịch | D12: {=IF($A12="","",ROUND(INDEX('T4.2026'!D:D,INDEX($I$7:$I$80,MATCH(SMALL($J$7:$J$80,ROWS($A$7:A12)),$J$7:$J$80,0))),0))} -> 38500 | E12: {=IF($A12="","",INDEX('T4.2026'!E:E,INDEX($I$7:$I$80,MATCH(SMALL($J$7:$J$80,ROWS($A$7:A12)),$J$7:$J$80,0))))} -> 8 | F12: {=IF($A12="","",IF(ROWS($A$7:A12)=COUNTIF('T4.2026'!$A$2:$A$75,"?*"),MIN(E12,MAX(0,ROUND(($B$3-SUM($G$6:G11))/D12,0))),MIN(E12,MAX(0,ROUNDDOWN(($B$3*(E12*(0.5+MOD(ABS(SIN($B$3*0.001+ROW()*12.9898))*43758.5453,1)))/SUMPRODUCT($E$7:$E$80,0.5+MOD(ABS(SIN($B$3*0.001+ROW($E$7:$E$80)*12.9898))*43758.5453,1)))/D12,0)))))} -> 0 | G12: =IF($A12="","",F12*D12) -> 0 | H12: =IF($A12="","",E12-F12) -> 8 | I12: =IF(ROWS($I$7:I12)<=COUNTIF('T4.2026'!$A$2:$A$75,"?*"),ROWS($I$7:I12)+1,"") -> 7 | J12: =IF(I12="",1E+99,MOD(ABS(SIN($B$3*0.001+I12*12.9898))*43758.5453,1)) -> 0.29687772
A13: {=IF(ROWS($A$7:A13)>COUNTIF('T4.2026'!$A$2:$A$75,"?*"),"",INDEX('T4.2026'!A:A,INDEX($I$7:$I$80,MATCH(SMALL($J$7:$J$80,ROWS($A$7:A13)),$J$7:$J$80,0))))} -> VP26_32 | B13: {=IF($A13="","",INDEX('T4.2026'!B:B,INDEX($I$7:$I$80,MATCH(SMALL($J$7:$J$80,ROWS($A$7:A13)),$J$7:$J$80,0))))} -> Thạch miếng nhỏ Suso LƯỚI 800g (62 cái) | C13: {=IF($A13="","",INDEX('T4.2026'!C:C,INDEX($I$7:$I$80,MATCH(SMALL($J$7:$J$80,ROWS($A$7:A13)),$J$7:$J$80,0))))} -> Cái | D13: {=IF($A13="","",ROUND(INDEX('T4.2026'!D:D,INDEX($I$7:$I$80,MATCH(SMALL($J$7:$J$80,ROWS($A$7:A13)),$J$7:$J$80,0))),0))} -> 550 | E13: {=IF($A13="","",INDEX('T4.2026'!E:E,INDEX($I$7:$I$80,MATCH(SMALL($J$7:$J$80,ROWS($A$7:A13)),$J$7:$J$80,0))))} -> 372 | F13: {=IF($A13="","",IF(ROWS($A$7:A13)=COUNTIF('T4.2026'!$A$2:$A$75,"?*"),MIN(E13,MAX(0,ROUND(($B$3-SUM($G$6:G12))/D13,0))),MIN(E13,MAX(0,ROUNDDOWN(($B$3*(E13*(0.5+MOD(ABS(SIN($B$3*0.001+ROW()*12.9898))*43758.5453,1)))/SUMPRODUCT($E$7:$E$80,0.5+MOD(ABS(SIN($B$3*0.001+ROW($E$7:$E$80)*12.9898))*43758.5453,1)))/D13,0)))))} -> 69 | G13: =IF($A13="","",F13*D13) -> 37950 | H13: =IF($A13="","",E13-F13) -> 303 | I13: =IF(ROWS($I$7:I13)<=COUNTIF('T4.2026'!$A$2:$A$75,"?*"),ROWS($I$7:I13)+1,"") -> 8 | J13: =IF(I13="",1E+99,MOD(ABS(SIN($B$3*0.001+I13*12.9898))*43758.5453,1)) -> 0.034344031
A14: {=IF(ROWS($A$7:A14)>COUNTIF('T4.2026'!$A$2:$A$75,"?*"),"",INDEX('T4.2026'!A:A,INDEX($I$7:$I$80,MATCH(SMALL($J$7:$J$80,ROWS($A$7:A14)),$J$7:$J$80,0))))} -> VP26_45 | B14: {=IF($A14="","",INDEX('T4.2026'!B:B,INDEX($I$7:$I$80,MATCH(SMALL($J$7:$J$80,ROWS($A$7:A14)),$J$7:$J$80,0))))} -> Mì Vàng Enaak 30g (24 gói/Hộp) | C14: {=IF($A14="","",INDEX('T4.2026'!C:C,INDEX($I$7:$I$80,MATCH(SMALL($J$7:$J$80,ROWS($A$7:A14)),$J$7:$J$80,0))))} -> Gói | D14: {=IF($A14="","",ROUND(INDEX('T4.2026'!D:D,INDEX($I$7:$I$80,MATCH(SMALL($J$7:$J$80,ROWS($A$7:A14)),$J$7:$J$80,0))),0))} -> 5500 | E14: {=IF($A14="","",INDEX('T4.2026'!E:E,INDEX($I$7:$I$80,MATCH(SMALL($J$7:$J$80,ROWS($A$7:A14)),$J$7:$J$80,0))))} -> 144 | F14: {=IF($A14="","",IF(ROWS($A$7:A14)=COUNTIF('T4.2026'!$A$2:$A$75,"?*"),MIN(E14,MAX(0,ROUND(($B$3-SUM($G$6:G13))/D14,0))),MIN(E14,MAX(0,ROUNDDOWN(($B$3*(E14*(0.5+MOD(ABS(SIN($B$3*0.001+ROW()*12.9898))*43758.5453,1)))/SUMPRODUCT($E$7:$E$80,0.5+MOD(ABS(SIN($B$3*0.001+ROW($E$7:$E$80)*12.9898))*43758.5453,1)))/D14,0)))))} -> 2 | G14: =IF($A14="","",F14*D14) -> 11000 | H14: =IF($A14="","",E14-F14) -> 142 | I14: =IF(ROWS($I$7:I14)<=COUNTIF('T4.2026'!$A$2:$A$75,"?*"),ROWS($I$7:I14)+1,"") -> 9 | J14: =IF(I14="",1E+99,MOD(ABS(SIN($B$3*0.001+I14*12.9898))*43758.5453,1)) -> 0.97822076
A15: {=IF(ROWS($A$7:A15)>COUNTIF('T4.2026'!$A$2:$A$75,"?*"),"",INDEX('T4.2026'!A:A,INDEX($I$7:$I$80,MATCH(SMALL($J$7:$J$80,ROWS($A$7:A15)),$J$7:$J$80,0))))} -> VP26_50 | B15: {=IF($A15="","",INDEX('T4.2026'!B:B,INDEX($I$7:$I$80,MATCH(SMALL($J$7:$J$80,ROWS($A$7:A15)),$J$7:$J$80,0))))} -> Nước Túi Oishi (10 túi x 5 bịch / T) | C15: {=IF($A15="","",INDEX('T4.2026'!C:C,INDEX($I$7:$I$80,MATCH(SMALL($J$7:$J$80,ROWS($A$7:A15)),$J$7:$J$80,0))))} -> Túi | D15: {=IF($A15="","",ROUND(INDEX('T4.2026'!D:D,INDEX($I$7:$I$80,MATCH(SMALL($J$7:$J$80,ROWS($A$7:A15)),$J$7:$J$80,0))),0))} -> 2560 | E15: {=IF($A15="","",INDEX('T4.2026'!E:E,INDEX($I$7:$I$80,MATCH(SMALL($J$7:$J$80,ROWS($A$7:A15)),$J$7:$J$80,0))))} -> 500 | F15: {=IF($A15="","",IF(ROWS($A$7:A15)=COUNTIF('T4.2026'!$A$2:$A$75,"?*"),MIN(E15,MAX(0,ROUND(($B$3-SUM($G$6:G14))/D15,0))),MIN(E15,MAX(0,ROUNDDOWN(($B$3*(E15*(0.5+MOD(ABS(SIN($B$3*0.001+ROW()*12.9898))*43758.5453,1)))/SUMPRODUCT($E$7:$E$80,0.5+MOD(ABS(SIN($B$3*0.001+ROW($E$7:$E$80)*12.9898))*43758.5453,1)))/D15,0)))))} -> 36 | G15: =IF($A15="","",F15*D15) -> 92160 | H15: =IF($A15="","",E15-F15) -> 464 | I15: =IF(ROWS($I$7:I15)<=COUNTIF('T4.2026'!$A$2:$A$75,"?*"),ROWS($I$7:I15)+1,"") -> 10 | J15: =IF(I15="",1E+99,MOD(ABS(SIN($B$3*0.001+I15*12.9898))*43758.5453,1)) -> 0.092562993
A16: {=IF(ROWS($A$7:A16)>COUNTIF('T4.2026'!$A$2:$A$75,"?*"),"",INDEX('T4.2026'!A:A,INDEX($I$7:$I$80,MATCH(SMALL($J$7:$J$80,ROWS($A$7:A16)),$J$7:$J$80,0))))} -> VP26_01 | B16: {=IF($A16="","",INDEX('T4.2026'!B:B,INDEX($I$7:$I$80,MATCH(SMALL($J$7:$J$80,ROWS($A$7:A16)),$J$7:$J$80,0))))} -> Nước T-REXX Oishi Túi 180ml (5 bịch/T) | C16: {=IF($A16="","",INDEX('T4.2026'!C:C,INDEX($I$7:$I$80,MATCH(SMALL($J$7:$J$80,ROWS($A$7:A16)),$J$7:$J$80,0))))} -> Bịch | D16: {=IF($A16="","",ROUND(INDEX('T4.2026'!D:D,INDEX($I$7:$I$80,MATCH(SMALL($J$7:$J$80,ROWS($A$7:A16)),$J$7:$J$80,0))),0))} -> 28160 | E16: {=IF($A16="","",INDEX('T4.2026'!E:E,INDEX($I$7:$I$80,MATCH(SMALL($J$7:$J$80,ROWS($A$7:A16)),$J$7:$J$80,0))))} -> 25 | F16: {=IF($A16="","",IF(ROWS($A$7:A16)=COUNTIF('T4.2026'!$A$2:$A$75,"?*"),MIN(E16,MAX(0,ROUND(($B$3-SUM($G$6:G15))/D16,0))),MIN(E16,MAX(0,ROUNDDOWN(($B$3*(E16*(0.5+MOD(ABS(SIN($B$3*0.001+ROW()*12.9898))*43758.5453,1)))/SUMPRODUCT($E$7:$E$80,0.5+MOD(ABS(SIN($B$3*0.001+ROW($E$7:$E$80)*12.9898))*43758.5453,1)))/D16,0)))))} -> 0 | G16: =IF($A16="","",F16*D16) -> 0 | H16: =IF($A16="","",E16-F16) -> 25 | I16: =IF(ROWS($I$7:I16)<=COUNTIF('T4.2026'!$A$2:$A$75,"?*"),ROWS($I$7:I16)+1,"") -> 11 | J16: =IF(I16="",1E+99,MOD(ABS(SIN($B$3*0.001+I16*12.9898))*43758.5453,1)) -> 0.39012435
A17: {=IF(ROWS($A$7:A17)>COUNTIF('T4.2026'!$A$2:$A$75,"?*"),"",INDEX('T4.2026'!A:A,INDEX($I$7:$I$80,MATCH(SMALL($J$7:$J$80,ROWS($A$7:A17)),$J$7:$J$80,0))))} -> VP26_46 | B17: {=IF($A17="","",INDEX('T4.2026'!B:B,INDEX($I$7:$I$80,MATCH(SMALL($J$7:$J$80,ROWS($A$7:A17)),$J$7:$J$80,0))))} -> Nước ÉP THẠCH Suso (48 ly) | C17: {=IF($A17="","",INDEX('T4.2026'!C:C,INDEX($I$7:$I$80,MATCH(SMALL($J$7:$J$80,ROWS($A$7:A17)),$J$7:$J$80,0))))} -> Ly | D17: {=IF($A17="","",ROUND(INDEX('T4.2026'!D:D,INDEX($I$7:$I$80,MATCH(SMALL($J$7:$J$80,ROWS($A$7:A17)),$J$7:$J$80,0))),0))} -> 3942 | E17: {=IF($A17="","",INDEX('T4.2026'!E:E,INDEX($I$7:$I$80,MATCH(SMALL($J$7:$J$80,ROWS($A$7:A17)),$J$7:$J$80,0))))} -> 480 | F17: {=IF($A17="","",IF(ROWS($A$7:A17)=COUNTIF('T4.2026'!$A$2:$A$75,"?*"),MIN(E17,MAX(0,ROUND(($B$3-SUM($G$6:G16))/D17,0))),MIN(E17,MAX(0,ROUNDDOWN(($B$3*(E17*(0.5+MOD(ABS(SIN($B$3*0.001+ROW()*12.9898))*43758.5453,1)))/SUMPRODUCT($E$7:$E$80,0.5+MOD(ABS(SIN($B$3*0.001+ROW($E$7:$E$80)*12.9898))*43758.5453,1)))/D17,0)))))} -> 21 | G17: =IF($A17="","",F17*D17) -> 82782 | H17: =IF($A17="","",E17-F17) -> 459 | I17: =IF(ROWS($I$7:I17)<=COUNTIF('T4.2026'!$A$2:$A$75,"?*"),ROWS($I$7:I17)+1,"") -> 12 | J17: =IF(I17="",1E+99,MOD(ABS(SIN($B$3*0.001+I17*12.9898))*43758.5453,1)) -> 0.76875801
A18: {=IF(ROWS($A$7:A18)>COUNTIF('T4.2026'!$A$2:$A$75,"?*"),"",INDEX('T4.2026'!A:A,INDEX($I$7:$I$80,MATCH(SMALL($J$7:$J$80,ROWS($A$7:A18)),$J$7:$J$80,0))))} -> VP26_02 | B18: {=IF($A18="","",INDEX('T4.2026'!B:B,INDEX($I$7:$I$80,MATCH(SMALL($J$7:$J$80,ROWS($A$7:A18)),$J$7:$J$80,0))))} -> Bánh snack Oishi 2K (10 bịch/bao) | C18: {=IF($A18="","",INDEX('T4.2026'!C:C,INDEX($I$7:$I$80,MATCH(SMALL($J$7:$J$80,ROWS($A$7:A18)),$J$7:$J$80,0))))} -> Bịch | D18: {=IF($A18="","",ROUND(INDEX('T4.2026'!D:D,INDEX($I$7:$I$80,MATCH(SMALL($J$7:$J$80,ROWS($A$7:A18)),$J$7:$J$80,0))),0))} -> 15248 | E18: {=IF($A18="","",INDEX('T4.2026'!E:E,INDEX($I$7:$I$80,MATCH(SMALL($J$7:$J$80,ROWS($A$7:A18)),$J$7:$J$80,0))))} -> 280 | F18: {=IF($A18="","",IF(ROWS($A$7:A18)=COUNTIF('T4.2026'!$A$2:$A$75,"?*"),MIN(E18,MAX(0,ROUND(($B$3-SUM($G$6:G17))/D18,0))),MIN(E18,MAX(0,ROUNDDOWN(($B$3*(E18*(0.5+MOD(ABS(SIN($B$3*0.001+ROW()*12.9898))*43758.5453,1)))/SUMPRODUCT($E$7:$E$80,0.5+MOD(ABS(SIN($B$3*0.001+ROW($E$7:$E$80)*12.9898))*43758.5453,1)))/D18,0)))))} -> 1 | G18: =IF($A18="","",F18*D18) -> 15248 | H18: =IF($A18="","",E18-F18) -> 279 | I18: =IF(ROWS($I$7:I18)<=COUNTIF('T4.2026'!$A$2:$A$75,"?*"),ROWS($I$7:I18)+1,"") -> 13 | J18: =IF(I18="",1E+99,MOD(ABS(SIN($B$3*0.001+I18*12.9898))*43758.5453,1)) -> 0.12468694
... A80: {=IF(ROWS($A$7:A80)>COUNTIF('T4.2026'!$A$2:$A$75,"?*"),"",INDEX('T4.2026'!A:A,INDEX($I$7:$I$80,MATCH(SMALL($J$7:$J$80,ROWS($A$7:A80)),$J$7:$J$80,0))))} | B80: {=IF($A80="","",INDEX('T4.2026'!B:B,INDEX($I$7:$I$80,MATCH(SMALL($J$7:$J$80,ROWS($A$7:A80)),$J$7:$J$80,0))))} | C80: {=IF($A80="","",INDEX('T4.2026'!C:C,INDEX($I$7:$I$80,MATCH(SMALL($J$7:$J$80,ROWS($A$7:A80)),$J$7:$J$80,0))))} | D80: {=IF($A80="","",ROUND(INDEX('T4.2026'!D:D,INDEX($I$7:$I$80,MATCH(SMALL($J$7:$J$80,ROWS($A$7:A80)),$J$7:$J$80,0))),0))} | E80: {=IF($A80="","",INDEX('T4.2026'!E:E,INDEX($I$7:$I$80,MATCH(SMALL($J$7:$J$80,ROWS($A$7:A80)),$J$7:$J$80,0))))} | F80: {=IF($A80="","",IF(ROWS($A$7:A80)=COUNTIF('T4.2026'!$A$2:$A$75,"?*"),MIN(E80,MAX(0,ROUND(($B$3-SUM($G$6:G79))/D80,0))),MIN(E80,MAX(0,ROUNDDOWN(($B$3*(E80*(0.5+MOD(ABS(SIN($B$3*0.001+ROW()*12.9898))*43758.5453,1)))/SUMPRODUCT($E$7:$E$80,0.5+MOD(ABS(SIN($B$3*0.001+ROW($E$7:$E$80)*12.9898))*43758.5453,1)))/D80,0)))))} | G80: =IF($A80="","",F80*D80) | H80: =IF($A80="","",E80-F80) | I80: =IF(ROWS($I$7:I80)<=COUNTIF('T4.2026'!$A$2:$A$75,"?*"),ROWS($I$7:I80)+1,"") | J80: =IF(I80="",1E+99,MOD(ABS(SIN($B$3*0.001+I80*12.9898))*43758.5453,1)) -> 1e+99

Sheet BAO CAO BAN HANG
A1: BÁO CÁO CHI TIẾT SỐ LƯỢNG BÁN THEO NGÀY
A2: DOANH THU THÁNG | B2: 11000000 | C2: ĐÃ PHÂN BỔ | E2: ='SL bán theo ngày'!D2 -> 10999796 | G2: CHÊNH LỆCH | I2: ='SL bán theo ngày'!F2 -> -204
A3: THÁNG PHÂN BỔ | B3: 5 | C3: BIÊN ĐỘ TỐI ĐA | E3: 0.01 | G3: MÓN / NGÀY | I3: ='SL bán theo ngày'!F3 -> 11–13 món
A5: CHỈ TIÊU THEO NGÀY | C5: ='SL bán theo ngày'!F8 -> 1 | D5: ='SL bán theo ngày'!G8 -> 2 | E5: ='SL bán theo ngày'!H8 -> 3 | F5: ='SL bán theo ngày'!I8 -> 4 | G5: ='SL bán theo ngày'!J8 -> 5 | H5: ='SL bán theo ngày'!K8 -> 0 | I5: ='SL bán theo ngày'!L8 -> 0 | J5: ='SL bán theo ngày'!M8 -> 0 | ... AF5: ='SL bán theo ngày'!AI8 -> 0 | AJ5: TỔNG BÁN THÁNG
A6: Tổng số chủng loại bán | C6: ='SL bán theo ngày'!F84 -> 14 | D6: ='SL bán theo ngày'!G84 -> 13 | E6: ='SL bán theo ngày'!H84 -> 13 | F6: ='SL bán theo ngày'!I84 -> 13 | G6: ='SL bán theo ngày'!J84 -> 14 | H6: ='SL bán theo ngày'!K84 -> 0 | I6: ='SL bán theo ngày'!L84 -> 0 | J6: ='SL bán theo ngày'!M84 -> 0 | ... AF6: ='SL bán theo ngày'!AI84 -> 0
A7: Tổng số lượng bán | C7: ='SL bán theo ngày'!F85 -> 599 | D7: ='SL bán theo ngày'!G85 -> 598 | E7: ='SL bán theo ngày'!H85 -> 596 | F7: ='SL bán theo ngày'!I85 -> 595 | G7: ='SL bán theo ngày'!J85 -> 594 | H7: ='SL bán theo ngày'!K85 -> 0 | I7: ='SL bán theo ngày'!L85 -> 0 | J7: ='SL bán theo ngày'!M85 -> 0 | ... AF7: ='SL bán theo ngày'!AI85 -> 0
A8: Tổng tiền bán | C8: ='SL bán theo ngày'!F86 -> 2226118 | D8: ='SL bán theo ngày'!G86 -> 2198669 | E8: ='SL bán theo ngày'!H86 -> 2163150 | F8: ='SL bán theo ngày'!I86 -> 2192892 | G8: ='SL bán theo ngày'!J86 -> 2218967 | H8: ='SL bán theo ngày'!K86 -> 0 | I8: ='SL bán theo ngày'!L86 -> 0 | J8: ='SL bán theo ngày'!M86 -> 0 | ... AF8: ='SL bán theo ngày'!AI86 -> 0 | AJ8: ='SL bán theo ngày'!AJ86 -> 10999796
A9: CHI TIẾT SẢN LƯỢNG BÁN HÀNG NGÀY
A10: MÃ VTHH | B10: TÊN VTHH | C10: =C5 -> 1 | D10: =D5 -> 2 | E10: =E5 -> 3 | F10: =F5 -> 4 | G10: =G5 -> 5 | H10: =H5 -> 0 | I10: =I5 -> 0 | J10: =J5 -> 0 | ... AF10: =AF5 -> 0 | AG10: ĐVT | AH10: ĐƠN GIÁ | AI10: TỒN GỐC | AJ10: TỔNG SL BÁN | AK10: TỒN CUỐI
A11: {=IF(ROWS($A$11:$A11)<=COUNTIF('SL bán theo ngày'!$A$9:$A$82,"?*"),INDEX('SL bán theo ngày'!A$9:A$82,ROWS($A$11:$A11)),"")} -> Bánh Khoai Tây xá 4kg | B11: {=IF(ROWS($A$11:$A11)<=COUNTIF('SL bán theo ngày'!$A$9:$A$82,"?*"),INDEX('SL bán theo ngày'!B$9:B$82,ROWS($A$11:$A11)),"")} -> Bánh Khoai Tây xá 4kg | C11: {=IF(ROWS($A$11:$A11)<=COUNTIF('SL bán theo ngày'!$A$9:$A$82,"?*"),INDEX('SL bán theo ngày'!F$9:F$82,ROWS($A$11:$A11)),"")} -> 1 | D11: {=IF(ROWS($A$11:$A11)<=COUNTIF('SL bán theo ngày'!$A$9:$A$82,"?*"),INDEX('SL bán theo ngày'!G$9:G$82,ROWS($A$11:$A11)),"")} -> 1 | E11: {=IF(ROWS($A$11:$A11)<=COUNTIF('SL bán theo ngày'!$A$9:$A$82,"?*"),INDEX('SL bán theo ngày'!H$9:H$82,ROWS($A$11:$A11)),"")} -> 0 | F11: {=IF(ROWS($A$11:$A11)<=COUNTIF('SL bán theo ngày'!$A$9:$A$82,"?*"),INDEX('SL bán theo ngày'!I$9:I$82,ROWS($A$11:$A11)),"")} -> 1 | G11: {=IF(ROWS($A$11:$A11)<=COUNTIF('SL bán theo ngày'!$A$9:$A$82,"?*"),INDEX('SL bán theo ngày'!J$9:J$82,ROWS($A$11:$A11)),"")} -> 1 | H11: {=IF(ROWS($A$11:$A11)<=COUNTIF('SL bán theo ngày'!$A$9:$A$82,"?*"),INDEX('SL bán theo ngày'!K$9:K$82,ROWS($A$11:$A11)),"")} | I11: {=IF(ROWS($A$11:$A11)<=COUNTIF('SL bán theo ngày'!$A$9:$A$82,"?*"),INDEX('SL bán theo ngày'!L$9:L$82,ROWS($A$11:$A11)),"")} | J11: {=IF(ROWS($A$11:$A11)<=COUNTIF('SL bán theo ngày'!$A$9:$A$82,"?*"),INDEX('SL bán theo ngày'!M$9:M$82,ROWS($A$11:$A11)),"")} | ... AF11: {=IF(ROWS($A$11:$A11)<=COUNTIF('SL bán theo ngày'!$A$9:$A$82,"?*"),INDEX('SL bán theo ngày'!AI$9:AI$82,ROWS($A$11:$A11)),"")} | AG11: {=IF(ROWS($A$11:$A11)<=COUNTIF('SL bán theo ngày'!$A$9:$A$82,"?*"),INDEX('SL bán theo ngày'!C$9:C$82,ROWS($A$11:$A11)),"")} -> kg | AH11: {=IF(ROWS($A$11:$A11)<=COUNTIF('SL bán theo ngày'!$A$9:$A$82,"?*"),INDEX('SL bán theo ngày'!D$9:D$82,ROWS($A$11:$A11)),"")} -> 58850 | AI11: {=IF(ROWS($A$11:$A11)<=COUNTIF('SL bán theo ngày'!$A$9:$A$82,"?*"),INDEX('SL bán theo ngày'!E$9:E$82,ROWS($A$11:$A11)),"")} -> 4 | AJ11: {=IF(ROWS($A$11:$A11)<=COUNTIF('SL bán theo ngày'!$A$9:$A$82,"?*"),INDEX('SL bán theo ngày'!AJ$9:AJ$82,ROWS($A$11:$A11)),"")} -> 4 | AK11: {=IF(ROWS($A$11:$A11)<=COUNTIF('SL bán theo ngày'!$A$9:$A$82,"?*"),INDEX('SL bán theo ngày'!AK$9:AK$82,ROWS($A$11:$A11)),"")} -> 0
A12: {=IF(ROWS($A$11:$A12)<=COUNTIF('SL bán theo ngày'!$A$9:$A$82,"?*"),INDEX('SL bán theo ngày'!A$9:A$82,ROWS($A$11:$A12)),"")} -> VP26_01 | B12: {=IF(ROWS($A$11:$A12)<=COUNTIF('SL bán theo ngày'!$A$9:$A$82,"?*"),INDEX('SL bán theo ngày'!B$9:B$82,ROWS($A$11:$A12)),"")} -> Nước T-REXX Oishi Túi 180ml (5 bịch/T) | C12: {=IF(ROWS($A$11:$A12)<=COUNTIF('SL bán theo ngày'!$A$9:$A$82,"?*"),INDEX('SL bán theo ngày'!F$9:F$82,ROWS($A$11:$A12)),"")} -> 5 | D12: {=IF(ROWS($A$11:$A12)<=COUNTIF('SL bán theo ngày'!$A$9:$A$82,"?*"),INDEX('SL bán theo ngày'!G$9:G$82,ROWS($A$11:$A12)),"")} -> 5 | E12: {=IF(ROWS($A$11:$A12)<=COUNTIF('SL bán theo ngày'!$A$9:$A$82,"?*"),INDEX('SL bán theo ngày'!H$9:H$82,ROWS($A$11:$A12)),"")} -> 5 | F12: {=IF(ROWS($A$11:$A12)<=COUNTIF('SL bán theo ngày'!$A$9:$A$82,"?*"),INDEX('SL bán theo ngày'!I$9:I$82,ROWS($A$11:$A12)),"")} -> 5 | G12: {=IF(ROWS($A$11:$A12)<=COUNTIF('SL bán theo ngày'!$A$9:$A$82,"?*"),INDEX('SL bán theo ngày'!J$9:J$82,ROWS($A$11:$A12)),"")} -> 5 | H12: {=IF(ROWS($A$11:$A12)<=COUNTIF('SL bán theo ngày'!$A$9:$A$82,"?*"),INDEX('SL bán theo ngày'!K$9:K$82,ROWS($A$11:$A12)),"")} | I12: {=IF(ROWS($A$11:$A12)<=COUNTIF('SL bán theo ngày'!$A$9:$A$82,"?*"),INDEX('SL bán theo ngày'!L$9:L$82,ROWS($A$11:$A12)),"")} | J12: {=IF(ROWS($A$11:$A12)<=COUNTIF('SL bán theo ngày'!$A$9:$A$82,"?*"),INDEX('SL bán theo ngày'!M$9:M$82,ROWS($A$11:$A12)),"")} | ... AF12: {=IF(ROWS($A$11:$A12)<=COUNTIF('SL bán theo ngày'!$A$9:$A$82,"?*"),INDEX('SL bán theo ngày'!AI$9:AI$82,ROWS($A$11:$A12)),"")} | AG12: {=IF(ROWS($A$11:$A12)<=COUNTIF('SL bán theo ngày'!$A$9:$A$82,"?*"),INDEX('SL bán theo ngày'!C$9:C$82,ROWS($A$11:$A12)),"")} -> Bịch | AH12: {=IF(ROWS($A$11:$A12)<=COUNTIF('SL bán theo ngày'!$A$9:$A$82,"?*"),INDEX('SL bán theo ngày'!D$9:D$82,ROWS($A$11:$A12)),"")} -> 28160 | AI12: {=IF(ROWS($A$11:$A12)<=COUNTIF('SL bán theo ngày'!$A$9:$A$82,"?*"),INDEX('SL bán theo ngày'!E$9:E$82,ROWS($A$11:$A12)),"")} -> 25 | AJ12: {=IF(ROWS($A$11:$A12)<=COUNTIF('SL bán theo ngày'!$A$9:$A$82,"?*"),INDEX('SL bán theo ngày'!AJ$9:AJ$82,ROWS($A$11:$A12)),"")} -> 25 | AK12: {=IF(ROWS($A$11:$A12)<=COUNTIF('SL bán theo ngày'!$A$9:$A$82,"?*"),INDEX('SL bán theo ngày'!AK$9:AK$82,ROWS($A$11:$A12)),"")} -> 0
A13: {=IF(ROWS($A$11:$A13)<=COUNTIF('SL bán theo ngày'!$A$9:$A$82,"?*"),INDEX('SL bán theo ngày'!A$9:A$82,ROWS($A$11:$A13)),"")} -> VP26_02 | B13: {=IF(ROWS($A$11:$A13)<=COUNTIF('SL bán theo ngày'!$A$9:$A$82,"?*"),INDEX('SL bán theo ngày'!B$9:B$82,ROWS($A$11:$A13)),"")} -> Bánh snack Oishi 2K (10 bịch/bao) | C13: {=IF(ROWS($A$11:$A13)<=COUNTIF('SL bán theo ngày'!$A$9:$A$82,"?*"),INDEX('SL bán theo ngày'!F$9:F$82,ROWS($A$11:$A13)),"")} -> 53 | D13: {=IF(ROWS($A$11:$A13)<=COUNTIF('SL bán theo ngày'!$A$9:$A$82,"?*"),INDEX('SL bán theo ngày'!G$9:G$82,ROWS($A$11:$A13)),"")} -> 53 | E13: {=IF(ROWS($A$11:$A13)<=COUNTIF('SL bán theo ngày'!$A$9:$A$82,"?*"),INDEX('SL bán theo ngày'!H$9:H$82,ROWS($A$11:$A13)),"")} -> 53 | F13: {=IF(ROWS($A$11:$A13)<=COUNTIF('SL bán theo ngày'!$A$9:$A$82,"?*"),INDEX('SL bán theo ngày'!I$9:I$82,ROWS($A$11:$A13)),"")} -> 53 | G13: {=IF(ROWS($A$11:$A13)<=COUNTIF('SL bán theo ngày'!$A$9:$A$82,"?*"),INDEX('SL bán theo ngày'!J$9:J$82,ROWS($A$11:$A13)),"")} -> 53 | H13: {=IF(ROWS($A$11:$A13)<=COUNTIF('SL bán theo ngày'!$A$9:$A$82,"?*"),INDEX('SL bán theo ngày'!K$9:K$82,ROWS($A$11:$A13)),"")} | I13: {=IF(ROWS($A$11:$A13)<=COUNTIF('SL bán theo ngày'!$A$9:$A$82,"?*"),INDEX('SL bán theo ngày'!L$9:L$82,ROWS($A$11:$A13)),"")} | J13: {=IF(ROWS($A$11:$A13)<=COUNTIF('SL bán theo ngày'!$A$9:$A$82,"?*"),INDEX('SL bán theo ngày'!M$9:M$82,ROWS($A$11:$A13)),"")} | ... AF13: {=IF(ROWS($A$11:$A13)<=COUNTIF('SL bán theo ngày'!$A$9:$A$82,"?*"),INDEX('SL bán theo ngày'!AI$9:AI$82,ROWS($A$11:$A13)),"")} | AG13: {=IF(ROWS($A$11:$A13)<=COUNTIF('SL bán theo ngày'!$A$9:$A$82,"?*"),INDEX('SL bán theo ngày'!C$9:C$82,ROWS($A$11:$A13)),"")} -> Bịch | AH13: {=IF(ROWS($A$11:$A13)<=COUNTIF('SL bán theo ngày'!$A$9:$A$82,"?*"),INDEX('SL bán theo ngày'!D$9:D$82,ROWS($A$11:$A13)),"")} -> 15248 | AI13: {=IF(ROWS($A$11:$A13)<=COUNTIF('SL bán theo ngày'!$A$9:$A$82,"?*"),INDEX('SL bán theo ngày'!E$9:E$82,ROWS($A$11:$A13)),"")} -> 280 | AJ13: {=IF(ROWS($A$11:$A13)<=COUNTIF('SL bán theo ngày'!$A$9:$A$82,"?*"),INDEX('SL bán theo ngày'!AJ$9:AJ$82,ROWS($A$11:$A13)),"")} -> 265 | AK13: {=IF(ROWS($A$11:$A13)<=COUNTIF('SL bán theo ngày'!$A$9:$A$82,"?*"),INDEX('SL bán theo ngày'!AK$9:AK$82,ROWS($A$11:$A13)),"")} -> 15
A14: {=IF(ROWS($A$11:$A14)<=COUNTIF('SL bán theo ngày'!$A$9:$A$82,"?*"),INDEX('SL bán theo ngày'!A$9:A$82,ROWS($A$11:$A14)),"")} -> VP26_10 | B14: {=IF(ROWS($A$11:$A14)<=COUNTIF('SL bán theo ngày'!$A$9:$A$82,"?*"),INDEX('SL bán theo ngày'!B$9:B$82,ROWS($A$11:$A14)),"")} -> Bánh snack Oishi 5K (8 bịch/bao) | C14: {=IF(ROWS($A$11:$A14)<=COUNTIF('SL bán theo ngày'!$A$9:$A$82,"?*"),INDEX('SL bán theo ngày'!F$9:F$82,ROWS($A$11:$A14)),"")} -> 1 | D14: {=IF(ROWS($A$11:$A14)<=COUNTIF('SL bán theo ngày'!$A$9:$A$82,"?*"),INDEX('SL bán theo ngày'!G$9:G$82,ROWS($A$11:$A14)),"")} -> 2 | E14: {=IF(ROWS($A$11:$A14)<=COUNTIF('SL bán theo ngày'!$A$9:$A$82,"?*"),INDEX('SL bán theo ngày'!H$9:H$82,ROWS($A$11:$A14)),"")} -> 1 | F14: {=IF(ROWS($A$11:$A14)<=COUNTIF('SL bán theo ngày'!$A$9:$A$82,"?*"),INDEX('SL bán theo ngày'!I$9:I$82,ROWS($A$11:$A14)),"")} -> 2 | G14: {=IF(ROWS($A$11:$A14)<=COUNTIF('SL bán theo ngày'!$A$9:$A$82,"?*"),INDEX('SL bán theo ngày'!J$9:J$82,ROWS($A$11:$A14)),"")} -> 1 | H14: {=IF(ROWS($A$11:$A14)<=COUNTIF('SL bán theo ngày'!$A$9:$A$82,"?*"),INDEX('SL bán theo ngày'!K$9:K$82,ROWS($A$11:$A14)),"")} | I14: {=IF(ROWS($A$11:$A14)<=COUNTIF('SL bán theo ngày'!$A$9:$A$82,"?*"),INDEX('SL bán theo ngày'!L$9:L$82,ROWS($A$11:$A14)),"")} | J14: {=IF(ROWS($A$11:$A14)<=COUNTIF('SL bán theo ngày'!$A$9:$A$82,"?*"),INDEX('SL bán theo ngày'!M$9:M$82,ROWS($A$11:$A14)),"")} | ... AF14: {=IF(ROWS($A$11:$A14)<=COUNTIF('SL bán theo ngày'!$A$9:$A$82,"?*"),INDEX('SL bán theo ngày'!AI$9:AI$82,ROWS($A$11:$A14)),"")} | AG14: {=IF(ROWS($A$11:$A14)<=COUNTIF('SL bán theo ngày'!$A$9:$A$82,"?*"),INDEX('SL bán theo ngày'!C$9:C$82,ROWS($A$11:$A14)),"")} -> Bịch | AH14: {=IF(ROWS($A$11:$A14)<=COUNTIF('SL bán theo ngày'!$A$9:$A$82,"?*"),INDEX('SL bán theo ngày'!D$9:D$82,ROWS($A$11:$A14)),"")} -> 38500 | AI14: {=IF(ROWS($A$11:$A14)<=COUNTIF('SL bán theo ngày'!$A$9:$A$82,"?*"),INDEX('SL bán theo ngày'!E$9:E$82,ROWS($A$11:$A14)),"")} -> 8 | AJ14: {=IF(ROWS($A$11:$A14)<=COUNTIF('SL bán theo ngày'!$A$9:$A$82,"?*"),INDEX('SL bán theo ngày'!AJ$9:AJ$82,ROWS($A$11:$A14)),"")} -> 7 | AK14: {=IF(ROWS($A$11:$A14)<=COUNTIF('SL bán theo ngày'!$A$9:$A$82,"?*"),INDEX('SL bán theo ngày'!AK$9:AK$82,ROWS($A$11:$A14)),"")} -> 1
A15: {=IF(ROWS($A$11:$A15)<=COUNTIF('SL bán theo ngày'!$A$9:$A$82,"?*"),INDEX('SL bán theo ngày'!A$9:A$82,ROWS($A$11:$A15)),"")} -> VP26_13 | B15: {=IF(ROWS($A$11:$A15)<=COUNTIF('SL bán theo ngày'!$A$9:$A$82,"?*"),INDEX('SL bán theo ngày'!B$9:B$82,ROWS($A$11:$A15)),"")} -> Bánh Chấm 330g PC (12 cái) | C15: {=IF(ROWS($A$11:$A15)<=COUNTIF('SL bán theo ngày'!$A$9:$A$82,"?*"),INDEX('SL bán theo ngày'!F$9:F$82,ROWS($A$11:$A15)),"")} -> 23 | D15: {=IF(ROWS($A$11:$A15)<=COUNTIF('SL bán theo ngày'!$A$9:$A$82,"?*"),INDEX('SL bán theo ngày'!G$9:G$82,ROWS($A$11:$A15)),"")} -> 22 | E15: {=IF(ROWS($A$11:$A15)<=COUNTIF('SL bán theo ngày'!$A$9:$A$82,"?*"),INDEX('SL bán theo ngày'!H$9:H$82,ROWS($A$11:$A15)),"")} -> 22 | F15: {=IF(ROWS($A$11:$A15)<=COUNTIF('SL bán theo ngày'!$A$9:$A$82,"?*"),INDEX('SL bán theo ngày'!I$9:I$82,ROWS($A$11:$A15)),"")} -> 23 | G15: {=IF(ROWS($A$11:$A15)<=COUNTIF('SL bán theo ngày'!$A$9:$A$82,"?*"),INDEX('SL bán theo ngày'!J$9:J$82,ROWS($A$11:$A15)),"")} -> 22 | H15: {=IF(ROWS($A$11:$A15)<=COUNTIF('SL bán theo ngày'!$A$9:$A$82,"?*"),INDEX('SL bán theo ngày'!K$9:K$82,ROWS($A$11:$A15)),"")} | I15: {=IF(ROWS($A$11:$A15)<=COUNTIF('SL bán theo ngày'!$A$9:$A$82,"?*"),INDEX('SL bán theo ngày'!L$9:L$82,ROWS($A$11:$A15)),"")} | J15: {=IF(ROWS($A$11:$A15)<=COUNTIF('SL bán theo ngày'!$A$9:$A$82,"?*"),INDEX('SL bán theo ngày'!M$9:M$82,ROWS($A$11:$A15)),"")} | ... AF15: {=IF(ROWS($A$11:$A15)<=COUNTIF('SL bán theo ngày'!$A$9:$A$82,"?*"),INDEX('SL bán theo ngày'!AI$9:AI$82,ROWS($A$11:$A15)),"")} | AG15: {=IF(ROWS($A$11:$A15)<=COUNTIF('SL bán theo ngày'!$A$9:$A$82,"?*"),INDEX('SL bán theo ngày'!C$9:C$82,ROWS($A$11:$A15)),"")} -> Cái | AH15: {=IF(ROWS($A$11:$A15)<=COUNTIF('SL bán theo ngày'!$A$9:$A$82,"?*"),INDEX('SL bán theo ngày'!D$9:D$82,ROWS($A$11:$A15)),"")} -> 2383 | AI15: {=IF(ROWS($A$11:$A15)<=COUNTIF('SL bán theo ngày'!$A$9:$A$82,"?*"),INDEX('SL bán theo ngày'!E$9:E$82,ROWS($A$11:$A15)),"")} -> 120 | AJ15: {=IF(ROWS($A$11:$A15)<=COUNTIF('SL bán theo ngày'!$A$9:$A$82,"?*"),INDEX('SL bán theo ngày'!AJ$9:AJ$82,ROWS($A$11:$A15)),"")} -> 112 | AK15: {=IF(ROWS($A$11:$A15)<=COUNTIF('SL bán theo ngày'!$A$9:$A$82,"?*"),INDEX('SL bán theo ngày'!AK$9:AK$82,ROWS($A$11:$A15)),"")} -> 8
A16: {=IF(ROWS($A$11:$A16)<=COUNTIF('SL bán theo ngày'!$A$9:$A$82,"?*"),INDEX('SL bán theo ngày'!A$9:A$82,ROWS($A$11:$A16)),"")} -> VP26_32 | B16: {=IF(ROWS($A$11:$A16)<=COUNTIF('SL bán theo ngày'!$A$9:$A$82,"?*"),INDEX('SL bán theo ngày'!B$9:B$82,ROWS($A$11:$A16)),"")} -> Thạch miếng nhỏ Suso LƯỚI 800g (62 cái) | C16: {=IF(ROWS($A$11:$A16)<=COUNTIF('SL bán theo ngày'!$A$9:$A$82,"?*"),INDEX('SL bán theo ngày'!F$9:F$82,ROWS($A$11:$A16)),"")} -> 71 | D16: {=IF(ROWS($A$11:$A16)<=COUNTIF('SL bán theo ngày'!$A$9:$A$82,"?*"),INDEX('SL bán theo ngày'!G$9:G$82,ROWS($A$11:$A16)),"")} -> 70 | E16: {=IF(ROWS($A$11:$A16)<=COUNTIF('SL bán theo ngày'!$A$9:$A$82,"?*"),INDEX('SL bán theo ngày'!H$9:H$82,ROWS($A$11:$A16)),"")} -> 70 | F16: {=IF(ROWS($A$11:$A16)<=COUNTIF('SL bán theo ngày'!$A$9:$A$82,"?*"),INDEX('SL bán theo ngày'!I$9:I$82,ROWS($A$11:$A16)),"")} -> 70 | G16: {=IF(ROWS($A$11:$A16)<=COUNTIF('SL bán theo ngày'!$A$9:$A$82,"?*"),INDEX('SL bán theo ngày'!J$9:J$82,ROWS($A$11:$A16)),"")} -> 70 | H16: {=IF(ROWS($A$11:$A16)<=COUNTIF('SL bán theo ngày'!$A$9:$A$82,"?*"),INDEX('SL bán theo ngày'!K$9:K$82,ROWS($A$11:$A16)),"")} | I16: {=IF(ROWS($A$11:$A16)<=COUNTIF('SL bán theo ngày'!$A$9:$A$82,"?*"),INDEX('SL bán theo ngày'!L$9:L$82,ROWS($A$11:$A16)),"")} | J16: {=IF(ROWS($A$11:$A16)<=COUNTIF('SL bán theo ngày'!$A$9:$A$82,"?*"),INDEX('SL bán theo ngày'!M$9:M$82,ROWS($A$11:$A16)),"")} | ... AF16: {=IF(ROWS($A$11:$A16)<=COUNTIF('SL bán theo ngày'!$A$9:$A$82,"?*"),INDEX('SL bán theo ngày'!AI$9:AI$82,ROWS($A$11:$A16)),"")} | AG16: {=IF(ROWS($A$11:$A16)<=COUNTIF('SL bán theo ngày'!$A$9:$A$82,"?*"),INDEX('SL bán theo ngày'!C$9:C$82,ROWS($A$11:$A16)),"")} -> Cái | AH16: {=IF(ROWS($A$11:$A16)<=COUNTIF('SL bán theo ngày'!$A$9:$A$82,"?*"),INDEX('SL bán theo ngày'!D$9:D$82,ROWS($A$11:$A16)),"")} -> 550 | AI16: {=IF(ROWS($A$11:$A16)<=COUNTIF('SL bán theo ngày'!$A$9:$A$82,"?*"),INDEX('SL bán theo ngày'!E$9:E$82,ROWS($A$11:$A16)),"")} -> 372 | AJ16: {=IF(ROWS($A$11:$A16)<=COUNTIF('SL bán theo ngày'!$A$9:$A$82,"?*"),INDEX('SL bán theo ngày'!AJ$9:AJ$82,ROWS($A$11:$A16)),"")} -> 351 | AK16: {=IF(ROWS($A$11:$A16)<=COUNTIF('SL bán theo ngày'!$A$9:$A$82,"?*"),INDEX('SL bán theo ngày'!AK$9:AK$82,ROWS($A$11:$A16)),"")} -> 21
A17: {=IF(ROWS($A$11:$A17)<=COUNTIF('SL bán theo ngày'!$A$9:$A$82,"?*"),INDEX('SL bán theo ngày'!A$9:A$82,ROWS($A$11:$A17)),"")} -> VP26_40 | B17: {=IF(ROWS($A$11:$A17)<=COUNTIF('SL bán theo ngày'!$A$9:$A$82,"?*"),INDEX('SL bán theo ngày'!B$9:B$82,ROWS($A$11:$A17)),"")} -> Coke 300ml - Coca Chai Nhí 5K | C17: {=IF(ROWS($A$11:$A17)<=COUNTIF('SL bán theo ngày'!$A$9:$A$82,"?*"),INDEX('SL bán theo ngày'!F$9:F$82,ROWS($A$11:$A17)),"")} -> 4 | D17: {=IF(ROWS($A$11:$A17)<=COUNTIF('SL bán theo ngày'!$A$9:$A$82,"?*"),INDEX('SL bán theo ngày'!G$9:G$82,ROWS($A$11:$A17)),"")} -> 5 | E17: {=IF(ROWS($A$11:$A17)<=COUNTIF('SL bán theo ngày'!$A$9:$A$82,"?*"),INDEX('SL bán theo ngày'!H$9:H$82,ROWS($A$11:$A17)),"")} -> 4 | F17: {=IF(ROWS($A$11:$A17)<=COUNTIF('SL bán theo ngày'!$A$9:$A$82,"?*"),INDEX('SL bán theo ngày'!I$9:I$82,ROWS($A$11:$A17)),"")} -> 5 | G17: {=IF(ROWS($A$11:$A17)<=COUNTIF('SL bán theo ngày'!$A$9:$A$82,"?*"),INDEX('SL bán theo ngày'!J$9:J$82,ROWS($A$11:$A17)),"")} -> 4 | H17: {=IF(ROWS($A$11:$A17)<=COUNTIF('SL bán theo ngày'!$A$9:$A$82,"?*"),INDEX('SL bán theo ngày'!K$9:K$82,ROWS($A$11:$A17)),"")} | I17: {=IF(ROWS($A$11:$A17)<=COUNTIF('SL bán theo ngày'!$A$9:$A$82,"?*"),INDEX('SL bán theo ngày'!L$9:L$82,ROWS($A$11:$A17)),"")} | J17: {=IF(ROWS($A$11:$A17)<=COUNTIF('SL bán theo ngày'!$A$9:$A$82,"?*"),INDEX('SL bán theo ngày'!M$9:M$82,ROWS($A$11:$A17)),"")} | ... AF17: {=IF(ROWS($A$11:$A17)<=COUNTIF('SL bán theo ngày'!$A$9:$A$82,"?*"),INDEX('SL bán theo ngày'!AI$9:AI$82,ROWS($A$11:$A17)),"")} | AG17: {=IF(ROWS($A$11:$A17)<=COUNTIF('SL bán theo ngày'!$A$9:$A$82,"?*"),INDEX('SL bán theo ngày'!C$9:C$82,ROWS($A$11:$A17)),"")} -> Chai | AH17: {=IF(ROWS($A$11:$A17)<=COUNTIF('SL bán theo ngày'!$A$9:$A$82,"?*"),INDEX('SL bán theo ngày'!D$9:D$82,ROWS($A$11:$A17)),"")} -> 4285 | AI17: {=IF(ROWS($A$11:$A17)<=COUNTIF('SL bán theo ngày'!$A$9:$A$82,"?*"),INDEX('SL bán theo ngày'!E$9:E$82,ROWS($A$11:$A17)),"")} -> 24 | AJ17: {=IF(ROWS($A$11:$A17)<=COUNTIF('SL bán theo ngày'!$A$9:$A$82,"?*"),INDEX('SL bán theo ngày'!AJ$9:AJ$82,ROWS($A$11:$A17)),"")} -> 22 | AK17: {=IF(ROWS($A$11:$A17)<=COUNTIF('SL bán theo ngày'!$A$9:$A$82,"?*"),INDEX('SL bán theo ngày'!AK$9:AK$82,ROWS($A$11:$A17)),"")} -> 2
A18: {=IF(ROWS($A$11:$A18)<=COUNTIF('SL bán theo ngày'!$A$9:$A$82,"?*"),INDEX('SL bán theo ngày'!A$9:A$82,ROWS($A$11:$A18)),"")} -> VP26_41 | B18: {=IF(ROWS($A$11:$A18)<=COUNTIF('SL bán theo ngày'!$A$9:$A$82,"?*"),INDEX('SL bán theo ngày'!B$9:B$82,ROWS($A$11:$A18)),"")} -> Đậu phộng Oishi 1K (20 dây/T) | C18: {=IF(ROWS($A$11:$A18)<=COUNTIF('SL bán theo ngày'!$A$9:$A$82,"?*"),INDEX('SL bán theo ngày'!F$9:F$82,ROWS($A$11:$A18)),"")} -> 4 | D18: {=IF(ROWS($A$11:$A18)<=COUNTIF('SL bán theo ngày'!$A$9:$A$82,"?*"),INDEX('SL bán theo ngày'!G$9:G$82,ROWS($A$11:$A18)),"")} -> 3 | E18: {=IF(ROWS($A$11:$A18)<=COUNTIF('SL bán theo ngày'!$A$9:$A$82,"?*"),INDEX('SL bán theo ngày'!H$9:H$82,ROWS($A$11:$A18)),"")} -> 4 | F18: {=IF(ROWS($A$11:$A18)<=COUNTIF('SL bán theo ngày'!$A$9:$A$82,"?*"),INDEX('SL bán theo ngày'!I$9:I$82,ROWS($A$11:$A18)),"")} -> 3 | G18: {=IF(ROWS($A$11:$A18)<=COUNTIF('SL bán theo ngày'!$A$9:$A$82,"?*"),INDEX('SL bán theo ngày'!J$9:J$82,ROWS($A$11:$A18)),"")} -> 4 | H18: {=IF(ROWS($A$11:$A18)<=COUNTIF('SL bán theo ngày'!$A$9:$A$82,"?*"),INDEX('SL bán theo ngày'!K$9:K$82,ROWS($A$11:$A18)),"")} | I18: {=IF(ROWS($A$11:$A18)<=COUNTIF('SL bán theo ngày'!$A$9:$A$82,"?*"),INDEX('SL bán theo ngày'!L$9:L$82,ROWS($A$11:$A18)),"")} | J18: {=IF(ROWS($A$11:$A18)<=COUNTIF('SL bán theo ngày'!$A$9:$A$82,"?*"),INDEX('SL bán theo ngày'!M$9:M$82,ROWS($A$11:$A18)),"")} | ... AF18: {=IF(ROWS($A$11:$A18)<=COUNTIF('SL bán theo ngày'!$A$9:$A$82,"?*"),INDEX('SL bán theo ngày'!AI$9:AI$82,ROWS($A$11:$A18)),"")} | AG18: {=IF(ROWS($A$11:$A18)<=COUNTIF('SL bán theo ngày'!$A$9:$A$82,"?*"),INDEX('SL bán theo ngày'!C$9:C$82,ROWS($A$11:$A18)),"")} -> Dây | AH18: {=IF(ROWS($A$11:$A18)<=COUNTIF('SL bán theo ngày'!$A$9:$A$82,"?*"),INDEX('SL bán theo ngày'!D$9:D$82,ROWS($A$11:$A18)),"")} -> 7637 | AI18: {=IF(ROWS($A$11:$A18)<=COUNTIF('SL bán theo ngày'!$A$9:$A$82,"?*"),INDEX('SL bán theo ngày'!E$9:E$82,ROWS($A$11:$A18)),"")} -> 20 | AJ18: {=IF(ROWS($A$11:$A18)<=COUNTIF('SL bán theo ngày'!$A$9:$A$82,"?*"),INDEX('SL bán theo ngày'!AJ$9:AJ$82,ROWS($A$11:$A18)),"")} -> 18 | AK18: {=IF(ROWS($A$11:$A18)<=COUNTIF('SL bán theo ngày'!$A$9:$A$82,"?*"),INDEX('SL bán theo ngày'!AK$9:AK$82,ROWS($A$11:$A18)),"")} -> 2
A19: {=IF(ROWS($A$11:$A19)<=COUNTIF('SL bán theo ngày'!$A$9:$A$82,"?*"),INDEX('SL bán theo ngày'!A$9:A$82,ROWS($A$11:$A19)),"")} -> VP26_43 | B19: {=IF(ROWS($A$11:$A19)<=COUNTIF('SL bán theo ngày'!$A$9:$A$82,"?*"),INDEX('SL bán theo ngày'!B$9:B$82,ROWS($A$11:$A19)),"")} -> Thạch SUSO Cây Dài (24 cái) | C19: {=IF(ROWS($A$11:$A19)<=COUNTIF('SL bán theo ngày'!$A$9:$A$82,"?*"),INDEX('SL bán theo ngày'!F$9:F$82,ROWS($A$11:$A19)),"")} -> 81 | D19: {=IF(ROWS($A$11:$A19)<=COUNTIF('SL bán theo ngày'!$A$9:$A$82,"?*"),INDEX('SL bán theo ngày'!G$9:G$82,ROWS($A$11:$A19)),"")} -> 81 | E19: {=IF(ROWS($A$11:$A19)<=COUNTIF('SL bán theo ngày'!$A$9:$A$82,"?*"),INDEX('SL bán theo ngày'!H$9:H$82,ROWS($A$11:$A19)),"")} -> 82 | F19: {=IF(ROWS($A$11:$A19)<=COUNTIF('SL bán theo ngày'!$A$9:$A$82,"?*"),INDEX('SL bán theo ngày'!I$9:I$82,ROWS($A$11:$A19)),"")} -> 81 | G19: {=IF(ROWS($A$11:$A19)<=COUNTIF('SL bán theo ngày'!$A$9:$A$82,"?*"),INDEX('SL bán theo ngày'!J$9:J$82,ROWS($A$11:$A19)),"")} -> 81 | H19: {=IF(ROWS($A$11:$A19)<=COUNTIF('SL bán theo ngày'!$A$9:$A$82,"?*"),INDEX('SL bán theo ngày'!K$9:K$82,ROWS($A$11:$A19)),"")} | I19: {=IF(ROWS($A$11:$A19)<=COUNTIF('SL bán theo ngày'!$A$9:$A$82,"?*"),INDEX('SL bán theo ngày'!L$9:L$82,ROWS($A$11:$A19)),"")} | J19: {=IF(ROWS($A$11:$A19)<=COUNTIF('SL bán theo ngày'!$A$9:$A$82,"?*"),INDEX('SL bán theo ngày'!M$9:M$82,ROWS($A$11:$A19)),"")} | ... AF19: {=IF(ROWS($A$11:$A19)<=COUNTIF('SL bán theo ngày'!$A$9:$A$82,"?*"),INDEX('SL bán theo ngày'!AI$9:AI$82,ROWS($A$11:$A19)),"")} | AG19: {=IF(ROWS($A$11:$A19)<=COUNTIF('SL bán theo ngày'!$A$9:$A$82,"?*"),INDEX('SL bán theo ngày'!C$9:C$82,ROWS($A$11:$A19)),"")} -> Cái | AH19: {=IF(ROWS($A$11:$A19)<=COUNTIF('SL bán theo ngày'!$A$9:$A$82,"?*"),INDEX('SL bán theo ngày'!D$9:D$82,ROWS($A$11:$A19)),"")} -> 1375 | AI19: {=IF(ROWS($A$11:$A19)<=COUNTIF('SL bán theo ngày'!$A$9:$A$82,"?*"),INDEX('SL bán theo ngày'!E$9:E$82,ROWS($A$11:$A19)),"")} -> 432 | AJ19: {=IF(ROWS($A$11:$A19)<=COUNTIF('SL bán theo ngày'!$A$9:$A$82,"?*"),INDEX('SL bán theo ngày'!AJ$9:AJ$82,ROWS($A$11:$A19)),"")} -> 406 | AK19: {=IF(ROWS($A$11:$A19)<=COUNTIF('SL bán theo ngày'!$A$9:$A$82,"?*"),INDEX('SL bán theo ngày'!AK$9:AK$82,ROWS($A$11:$A19)),"")} -> 26
A20: {=IF(ROWS($A$11:$A20)<=COUNTIF('SL bán theo ngày'!$A$9:$A$82,"?*"),INDEX('SL bán theo ngày'!A$9:A$82,ROWS($A$11:$A20)),"")} -> VP26_45 | B20: {=IF(ROWS($A$11:$A20)<=COUNTIF('SL bán theo ngày'!$A$9:$A$82,"?*"),INDEX('SL bán theo ngày'!B$9:B$82,ROWS($A$11:$A20)),"")} -> Mì Vàng Enaak 30g (24 gói/Hộp) | C20: {=IF(ROWS($A$11:$A20)<=COUNTIF('SL bán theo ngày'!$A$9:$A$82,"?*"),INDEX('SL bán theo ngày'!F$9:F$82,ROWS($A$11:$A20)),"")} -> 27 | D20: {=IF(ROWS($A$11:$A20)<=COUNTIF('SL bán theo ngày'!$A$9:$A$82,"?*"),INDEX('SL bán theo ngày'!G$9:G$82,ROWS($A$11:$A20)),"")} -> 27 | E20: {=IF(ROWS($A$11:$A20)<=COUNTIF('SL bán theo ngày'!$A$9:$A$82,"?*"),INDEX('SL bán theo ngày'!H$9:H$82,ROWS($A$11:$A20)),"")} -> 27 | F20: {=IF(ROWS($A$11:$A20)<=COUNTIF('SL bán theo ngày'!$A$9:$A$82,"?*"),INDEX('SL bán theo ngày'!I$9:I$82,ROWS($A$11:$A20)),"")} -> 27 | G20: {=IF(ROWS($A$11:$A20)<=COUNTIF('SL bán theo ngày'!$A$9:$A$82,"?*"),INDEX('SL bán theo ngày'!J$9:J$82,ROWS($A$11:$A20)),"")} -> 27 | H20: {=IF(ROWS($A$11:$A20)<=COUNTIF('SL bán theo ngày'!$A$9:$A$82,"?*"),INDEX('SL bán theo ngày'!K$9:K$82,ROWS($A$11:$A20)),"")} | I20: {=IF(ROWS($A$11:$A20)<=COUNTIF('SL bán theo ngày'!$A$9:$A$82,"?*"),INDEX('SL bán theo ngày'!L$9:L$82,ROWS($A$11:$A20)),"")} | J20: {=IF(ROWS($A$11:$A20)<=COUNTIF('SL bán theo ngày'!$A$9:$A$82,"?*"),INDEX('SL bán theo ngày'!M$9:M$82,ROWS($A$11:$A20)),"")} | ... AF20: {=IF(ROWS($A$11:$A20)<=COUNTIF('SL bán theo ngày'!$A$9:$A$82,"?*"),INDEX('SL bán theo ngày'!AI$9:AI$82,ROWS($A$11:$A20)),"")} | AG20: {=IF(ROWS($A$11:$A20)<=COUNTIF('SL bán theo ngày'!$A$9:$A$82,"?*"),INDEX('SL bán theo ngày'!C$9:C$82,ROWS($A$11:$A20)),"")} -> Gói | AH20: {=IF(ROWS($A$11:$A20)<=COUNTIF('SL bán theo ngày'!$A$9:$A$82,"?*"),INDEX('SL bán theo ngày'!D$9:D$82,ROWS($A$11:$A20)),"")} -> 5500 | AI20: {=IF(ROWS($A$11:$A20)<=COUNTIF('SL bán theo ngày'!$A$9:$A$82,"?*"),INDEX('SL bán theo ngày'!E$9:E$82,ROWS($A$11:$A20)),"")} -> 144 | AJ20: {=IF(ROWS($A$11:$A20)<=COUNTIF('SL bán theo ngày'!$A$9:$A$82,"?*"),INDEX('SL bán theo ngày'!AJ$9:AJ$82,ROWS($A$11:$A20)),"")} -> 135 | AK20: {=IF(ROWS($A$11:$A20)<=COUNTIF('SL bán theo ngày'!$A$9:$A$82,"?*"),INDEX('SL bán theo ngày'!AK$9:AK$82,ROWS($A$11:$A20)),"")} -> 9
A21: {=IF(ROWS($A$11:$A21)<=COUNTIF('SL bán theo ngày'!$A$9:$A$82,"?*"),INDEX('SL bán theo ngày'!A$9:A$82,ROWS($A$11:$A21)),"")} -> VP26_46 | B21: {=IF(ROWS($A$11:$A21)<=COUNTIF('SL bán theo ngày'!$A$9:$A$82,"?*"),INDEX('SL bán theo ngày'!B$9:B$82,ROWS($A$11:$A21)),"")} -> Nước ÉP THẠCH Suso (48 ly) | C21: {=IF(ROWS($A$11:$A21)<=COUNTIF('SL bán theo ngày'!$A$9:$A$82,"?*"),INDEX('SL bán theo ngày'!F$9:F$82,ROWS($A$11:$A21)),"")} -> 90 | D21: {=IF(ROWS($A$11:$A21)<=COUNTIF('SL bán theo ngày'!$A$9:$A$82,"?*"),INDEX('SL bán theo ngày'!G$9:G$82,ROWS($A$11:$A21)),"")} -> 91 | E21: {=IF(ROWS($A$11:$A21)<=COUNTIF('SL bán theo ngày'!$A$9:$A$82,"?*"),INDEX('SL bán theo ngày'!H$9:H$82,ROWS($A$11:$A21)),"")} -> 90 | F21: {=IF(ROWS($A$11:$A21)<=COUNTIF('SL bán theo ngày'!$A$9:$A$82,"?*"),INDEX('SL bán theo ngày'!I$9:I$82,ROWS($A$11:$A21)),"")} -> 90 | G21: {=IF(ROWS($A$11:$A21)<=COUNTIF('SL bán theo ngày'!$A$9:$A$82,"?*"),INDEX('SL bán theo ngày'!J$9:J$82,ROWS($A$11:$A21)),"")} -> 90 | H21: {=IF(ROWS($A$11:$A21)<=COUNTIF('SL bán theo ngày'!$A$9:$A$82,"?*"),INDEX('SL bán theo ngày'!K$9:K$82,ROWS($A$11:$A21)),"")} | I21: {=IF(ROWS($A$11:$A21)<=COUNTIF('SL bán theo ngày'!$A$9:$A$82,"?*"),INDEX('SL bán theo ngày'!L$9:L$82,ROWS($A$11:$A21)),"")} | J21: {=IF(ROWS($A$11:$A21)<=COUNTIF('SL bán theo ngày'!$A$9:$A$82,"?*"),INDEX('SL bán theo ngày'!M$9:M$82,ROWS($A$11:$A21)),"")} | ... AF21: {=IF(ROWS($A$11:$A21)<=COUNTIF('SL bán theo ngày'!$A$9:$A$82,"?*"),INDEX('SL bán theo ngày'!AI$9:AI$82,ROWS($A$11:$A21)),"")} | AG21: {=IF(ROWS($A$11:$A21)<=COUNTIF('SL bán theo ngày'!$A$9:$A$82,"?*"),INDEX('SL bán theo ngày'!C$9:C$82,ROWS($A$11:$A21)),"")} -> Ly | AH21: {=IF(ROWS($A$11:$A21)<=COUNTIF('SL bán theo ngày'!$A$9:$A$82,"?*"),INDEX('SL bán theo ngày'!D$9:D$82,ROWS($A$11:$A21)),"")} -> 3942 | AI21: {=IF(ROWS($A$11:$A21)<=COUNTIF('SL bán theo ngày'!$A$9:$A$82,"?*"),INDEX('SL bán theo ngày'!E$9:E$82,ROWS($A$11:$A21)),"")} -> 480 | AJ21: {=IF(ROWS($A$11:$A21)<=COUNTIF('SL bán theo ngày'!$A$9:$A$82,"?*"),INDEX('SL bán theo ngày'!AJ$9:AJ$82,ROWS($A$11:$A21)),"")} -> 451 | AK21: {=IF(ROWS($A$11:$A21)<=COUNTIF('SL bán theo ngày'!$A$9:$A$82,"?*"),INDEX('SL bán theo ngày'!AK$9:AK$82,ROWS($A$11:$A21)),"")} -> 29
A22: {=IF(ROWS($A$11:$A22)<=COUNTIF('SL bán theo ngày'!$A$9:$A$82,"?*"),INDEX('SL bán theo ngày'!A$9:A$82,ROWS($A$11:$A22)),"")} -> VP26_47 | B22: {=IF(ROWS($A$11:$A22)<=COUNTIF('SL bán theo ngày'!$A$9:$A$82,"?*"),INDEX('SL bán theo ngày'!B$9:B$82,ROWS($A$11:$A22)),"")} -> Kẹo Cao Su Dinos 500g (69 viên) | C22: {=IF(ROWS($A$11:$A22)<=COUNTIF('SL bán theo ngày'!$A$9:$A$82,"?*"),INDEX('SL bán theo ngày'!F$9:F$82,ROWS($A$11:$A22)),"")} -> 143 | D22: {=IF(ROWS($A$11:$A22)<=COUNTIF('SL bán theo ngày'!$A$9:$A$82,"?*"),INDEX('SL bán theo ngày'!G$9:G$82,ROWS($A$11:$A22)),"")} -> 144 | E22: {=IF(ROWS($A$11:$A22)<=COUNTIF('SL bán theo ngày'!$A$9:$A$82,"?*"),INDEX('SL bán theo ngày'!H$9:H$82,ROWS($A$11:$A22)),"")} -> 143 | F22: {=IF(ROWS($A$11:$A22)<=COUNTIF('SL bán theo ngày'!$A$9:$A$82,"?*"),INDEX('SL bán theo ngày'!I$9:I$82,ROWS($A$11:$A22)),"")} -> 142 | G22: {=IF(ROWS($A$11:$A22)<=COUNTIF('SL bán theo ngày'!$A$9:$A$82,"?*"),INDEX('SL bán theo ngày'!J$9:J$82,ROWS($A$11:$A22)),"")} -> 141 | H22: {=IF(ROWS($A$11:$A22)<=COUNTIF('SL bán theo ngày'!$A$9:$A$82,"?*"),INDEX('SL bán theo ngày'!K$9:K$82,ROWS($A$11:$A22)),"")} | I22: {=IF(ROWS($A$11:$A22)<=COUNTIF('SL bán theo ngày'!$A$9:$A$82,"?*"),INDEX('SL bán theo ngày'!L$9:L$82,ROWS($A$11:$A22)),"")} | J22: {=IF(ROWS($A$11:$A22)<=COUNTIF('SL bán theo ngày'!$A$9:$A$82,"?*"),INDEX('SL bán theo ngày'!M$9:M$82,ROWS($A$11:$A22)),"")} | ... AF22: {=IF(ROWS($A$11:$A22)<=COUNTIF('SL bán theo ngày'!$A$9:$A$82,"?*"),INDEX('SL bán theo ngày'!AI$9:AI$82,ROWS($A$11:$A22)),"")} | AG22: {=IF(ROWS($A$11:$A22)<=COUNTIF('SL bán theo ngày'!$A$9:$A$82,"?*"),INDEX('SL bán theo ngày'!C$9:C$82,ROWS($A$11:$A22)),"")} -> Viên | AH22: {=IF(ROWS($A$11:$A22)<=COUNTIF('SL bán theo ngày'!$A$9:$A$82,"?*"),INDEX('SL bán theo ngày'!D$9:D$82,ROWS($A$11:$A22)),"")} -> 829 | AI22: {=IF(ROWS($A$11:$A22)<=COUNTIF('SL bán theo ngày'!$A$9:$A$82,"?*"),INDEX('SL bán theo ngày'!E$9:E$82,ROWS($A$11:$A22)),"")} -> 759 | AJ22: {=IF(ROWS($A$11:$A22)<=COUNTIF('SL bán theo ngày'!$A$9:$A$82,"?*"),INDEX('SL bán theo ngày'!AJ$9:AJ$82,ROWS($A$11:$A22)),"")} -> 713 | AK22: {=IF(ROWS($A$11:$A22)<=COUNTIF('SL bán theo ngày'!$A$9:$A$82,"?*"),INDEX('SL bán theo ngày'!AK$9:AK$82,ROWS($A$11:$A22)),"")} -> 46
... A84: {=IF(ROWS($A$11:$A84)<=COUNTIF('SL bán theo ngày'!$A$9:$A$82,"?*"),INDEX('SL bán theo ngày'!A$9:A$82,ROWS($A$11:$A84)),"")} | B84: {=IF(ROWS($A$11:$A84)<=COUNTIF('SL bán theo ngày'!$A$9:$A$82,"?*"),INDEX('SL bán theo ngày'!B$9:B$82,ROWS($A$11:$A84)),"")} | C84: {=IF(ROWS($A$11:$A84)<=COUNTIF('SL bán theo ngày'!$A$9:$A$82,"?*"),INDEX('SL bán theo ngày'!F$9:F$82,ROWS($A$11:$A84)),"")} | D84: {=IF(ROWS($A$11:$A84)<=COUNTIF('SL bán theo ngày'!$A$9:$A$82,"?*"),INDEX('SL bán theo ngày'!G$9:G$82,ROWS($A$11:$A84)),"")} | E84: {=IF(ROWS($A$11:$A84)<=COUNTIF('SL bán theo ngày'!$A$9:$A$82,"?*"),INDEX('SL bán theo ngày'!H$9:H$82,ROWS($A$11:$A84)),"")} | F84: {=IF(ROWS($A$11:$A84)<=COUNTIF('SL bán theo ngày'!$A$9:$A$82,"?*"),INDEX('SL bán theo ngày'!I$9:I$82,ROWS($A$11:$A84)),"")} | G84: {=IF(ROWS($A$11:$A84)<=COUNTIF('SL bán theo ngày'!$A$9:$A$82,"?*"),INDEX('SL bán theo ngày'!J$9:J$82,ROWS($A$11:$A84)),"")} | H84: {=IF(ROWS($A$11:$A84)<=COUNTIF('SL bán theo ngày'!$A$9:$A$82,"?*"),INDEX('SL bán theo ngày'!K$9:K$82,ROWS($A$11:$A84)),"")} | I84: {=IF(ROWS($A$11:$A84)<=COUNTIF('SL bán theo ngày'!$A$9:$A$82,"?*"),INDEX('SL bán theo ngày'!L$9:L$82,ROWS($A$11:$A84)),"")} | J84: {=IF(ROWS($A$11:$A84)<=COUNTIF('SL bán theo ngày'!$A$9:$A$82,"?*"),INDEX('SL bán theo ngày'!M$9:M$82,ROWS($A$11:$A84)),"")} | ... AF84: {=IF(ROWS($A$11:$A84)<=COUNTIF('SL bán theo ngày'!$A$9:$A$82,"?*"),INDEX('SL bán theo ngày'!AI$9:AI$82,ROWS($A$11:$A84)),"")} | AG84: {=IF(ROWS($A$11:$A84)<=COUNTIF('SL bán theo ngày'!$A$9:$A$82,"?*"),INDEX('SL bán theo ngày'!C$9:C$82,ROWS($A$11:$A84)),"")} | AH84: {=IF(ROWS($A$11:$A84)<=COUNTIF('SL bán theo ngày'!$A$9:$A$82,"?*"),INDEX('SL bán theo ngày'!D$9:D$82,ROWS($A$11:$A84)),"")} | AI84: {=IF(ROWS($A$11:$A84)<=COUNTIF('SL bán theo ngày'!$A$9:$A$82,"?*"),INDEX('SL bán theo ngày'!E$9:E$82,ROWS($A$11:$A84)),"")} | AJ84: {=IF(ROWS($A$11:$A84)<=COUNTIF('SL bán theo ngày'!$A$9:$A$82,"?*"),INDEX('SL bán theo ngày'!AJ$9:AJ$82,ROWS($A$11:$A84)),"")} | AK84: {=IF(ROWS($A$11:$A84)<=COUNTIF('SL bán theo ngày'!$A$9:$A$82,"?*"),INDEX('SL bán theo ngày'!AK$9:AK$82,ROWS($A$11:$A84)),"")}

Sheet SL bán theo ngày
A1: CHI TIẾT SỐ LƯỢNG BÁN THEO NGÀY
A2: DOANH THU THÁNG | B2: ='BAO CAO BAN HANG'!B2 -> 11000000 | C2: ĐÃ PHÂN BỔ | D2: =SUM(F86:AI86) -> 10999796 | E2: CHÊNH LỆCH | F2: =D2-B2 -> -204
A3: THÁNG PHÂN BỔ | B3: ='BAO CAO BAN HANG'!B3 -> 5 | C3: BIÊN ĐỘ TỐI ĐA | D3: ='BAO CAO BAN HANG'!E3 -> 0.01 | E3: MÓN/ NGÀY | F3: =IFERROR(__xludf.DUMMYFUNCTION("IFERROR(MIN(FILTER(F84:AI84, F84:AI84>0)), 0)&""–""&MAX(F84:AI84)&"" món"""),"11–13 món") -> 11–13 món
A5: SỐ LOẠI BÁN | E5: =COUNTIF(AJ9:AJ82,">0") -> 14 | H5: =F84 -> 14 | I5: =G84 -> 13 | J5: =H84 -> 13 | K5: =I84 -> 13 | L5: =J84 -> 14 | M5: =K84 -> 0 | N5: =L84 -> 0 | O5: =M84 -> 0 | ... AK5: =AI84 -> 0
A6: TỔNG SL BÁN | E6: =AJ85 -> 2982 | H6: =F85 -> 599 | I6: =G85 -> 598 | J6: =H85 -> 596 | K6: =I85 -> 595 | L6: =J85 -> 594 | M6: =K85 -> 0 | N6: =L85 -> 0 | O6: =M85 -> 0 | ... AK6: =AI85 -> 0
A7: TỔNG TIỀN BÁN | E7: =AJ86 -> 10999796 | H7: =F86 -> 2226118 | I7: =G86 -> 2198669 | J7: =H86 -> 2163150 | K7: =I86 -> 2192892 | L7: =J86 -> 2218967 | M7: =K86 -> 0 | N7: =L86 -> 0 | O7: =M86 -> 0 | ... AK7: =AI86 -> 0
A8: MÃ VTHH | B8: TÊN VTHH | C8: ĐVT | D8: ĐƠN GIÁ | E8: TỒN GỐC | F8: =IF((COLUMN()-COLUMN($F$8))>($B$3-1),0,(COLUMN()-5)) -> 1 | G8: =IF((COLUMN()-COLUMN($F$8))>($B$3-1),0,(COLUMN()-5)) -> 2 | H8: =IF((COLUMN()-COLUMN($F$8))>($B$3-1),0,(COLUMN()-5)) -> 3 | I8: =IF((COLUMN()-COLUMN($F$8))>($B$3-1),0,(COLUMN()-5)) -> 4 | J8: =IF((COLUMN()-COLUMN($F$8))>($B$3-1),0,(COLUMN()-5)) -> 5 | K8: =IF((COLUMN()-COLUMN($F$8))>($B$3-1),0,(COLUMN()-5)) -> 0 | L8: =IF((COLUMN()-COLUMN($F$8))>($B$3-1),0,(COLUMN()-5)) -> 0 | M8: =IF((COLUMN()-COLUMN($F$8))>($B$3-1),0,(COLUMN()-5)) -> 0 | ... AI8: =IF((COLUMN()-COLUMN($F$8))>($B$3-1),0,(COLUMN()-5)) -> 0 | AJ8: TỔNG SL BÁN | AK8: TỒN CUỐI | BP8: MÃ | BQ8: TỒN GỐC | BR8: ĐƠN GIÁ | BS8: SL NỀN | BT8: SL CỘNG | BU8: SL THÁNG | BV8: LỆCH NGÀY
A9: =IFERROR(__xludf.DUMMYFUNCTION("IFERROR(INDEX(FILTER(T4.2026!$A$2:$A$1000, T4.2026!$A$2:$A$1000<>""""), ROWS($A$9:A9)), """")"),"Bánh Khoai Tây xá 4kg") -> Bánh Khoai Tây xá 4kg | B9: {=IF($A9="","",IFERROR(_xlfn.XLOOKUP($A9,'T4.2026'!$A$2:$A$1000,'T4.2026'!$B$2:$B$1000),""))} -> Bánh Khoai Tây xá 4kg | C9: {=IF($A9="","",IFERROR(_xlfn.XLOOKUP($A9,'T4.2026'!$A$2:$A$1000,'T4.2026'!$C$2:$C$1000),""))} -> kg | D9: {=IF($A9="","",ROUND(IFERROR(_xlfn.XLOOKUP($A9,'T4.2026'!$A$2:$A$1000,'T4.2026'!$D$2:$D$1000),0),0))} -> 58850 | E9: {=IF($A9="","",IFERROR(_xlfn.XLOOKUP($A9,'T4.2026'!$A$2:$A$1000,'T4.2026'!$E$2:$E$1000),0))} -> 4 | F9: =IF($A9="","",IF(F$8=0,"",IF(SUM($AL9:$BO9)=0,0,ROUND($BU9*SUM($AL9:AL9)/SUM($AL9:$BO9),0)-0))) -> 1 | G9: =IF($A9="","",IF(G$8=0,"",IF(SUM($AL9:$BO9)=0,0,ROUND($BU9*SUM($AL9:AM9)/SUM($AL9:$BO9),0)-ROUND($BU9*SUM($AL9:AL9)/SUM($AL9:$BO9),0)))) -> 1 | H9: =IF($A9="","",IF(H$8=0,"",IF(SUM($AL9:$BO9)=0,0,ROUND($BU9*SUM($AL9:AN9)/SUM($AL9:$BO9),0)-ROUND($BU9*SUM($AL9:AM9)/SUM($AL9:$BO9),0)))) -> 0 | I9: =IF($A9="","",IF(I$8=0,"",IF(SUM($AL9:$BO9)=0,0,ROUND($BU9*SUM($AL9:AO9)/SUM($AL9:$BO9),0)-ROUND($BU9*SUM($AL9:AN9)/SUM($AL9:$BO9),0)))) -> 1 | J9: =IF($A9="","",IF(J$8=0,"",IF(SUM($AL9:$BO9)=0,0,ROUND($BU9*SUM($AL9:AP9)/SUM($AL9:$BO9),0)-ROUND($BU9*SUM($AL9:AO9)/SUM($AL9:$BO9),0)))) -> 1 | K9: =IF($A9="","",IF(K$8=0,"",IF(SUM($AL9:$BO9)=0,0,ROUND($BU9*SUM($AL9:AQ9)/SUM($AL9:$BO9),0)-ROUND($BU9*SUM($AL9:AP9)/SUM($AL9:$BO9),0)))) | L9: =IF($A9="","",IF(L$8=0,"",IF(SUM($AL9:$BO9)=0,0,ROUND($BU9*SUM($AL9:AR9)/SUM($AL9:$BO9),0)-ROUND($BU9*SUM($AL9:AQ9)/SUM($AL9:$BO9),0)))) | M9: =IF($A9="","",IF(M$8=0,"",IF(SUM($AL9:$BO9)=0,0,ROUND($BU9*SUM($AL9:AS9)/SUM($AL9:$BO9),0)-ROUND($BU9*SUM($AL9:AR9)/SUM($AL9:$BO9),0)))) | N9: =IF($A9="","",IF(N$8=0,"",IF(SUM($AL9:$BO9)=0,0,ROUND($BU9*SUM($AL9:AT9)/SUM($AL9:$BO9),0)-ROUND($BU9*SUM($AL9:AS9)/SUM($AL9:$BO9),0)))) | ... AI9: =IF($A9="","",IF(AI$8=0,"",IF(SUM($AL9:$BO9)=0,0,ROUND($BU9*SUM($AL9:BO9)/SUM($AL9:$BO9),0)-ROUND($BU9*SUM($AL9:BN9)/SUM($AL9:$BO9),0)))) | AJ9: =IF($A9="","",SUM(F9:AI9)) -> 4 | AK9: =IF($A9="","",E9-AJ9) -> 0 | AL9: =IF($A9="","",IF((COLUMN()-COLUMN($AL$9))>($B$3-1),0,MAX(0.1,1+$D$3*(0.6*(2*MOD(ABS(SIN((COLUMN()-COLUMN($AL$9)+1)*12.9898+$B$2*0.0001))*43758.5453,1)-1)+0.4*SIN(($BV9+COLUMN()-COLUMN($AL$9))*2*PI()/7))))) -> 1.0019401 | AM9: =IF($A9="","",IF((COLUMN()-COLUMN($AL$9))>($B$3-1),0,MAX(0.1,1+$D$3*(0.6*(2*MOD(ABS(SIN((COLUMN()-COLUMN($AL$9)+1)*12.9898+$B$2*0.0001))*43758.5453,1)-1)+0.4*SIN(($BV9+COLUMN()-COLUMN($AL$9))*2*PI()/7))))) -> 1.0000121 | AN9: =IF($A9="","",IF((COLUMN()-COLUMN($AL$9))>($B$3-1),0,MAX(0.1,1+$D$3*(0.6*(2*MOD(ABS(SIN((COLUMN()-COLUMN($AL$9)+1)*12.9898+$B$2*0.0001))*43758.5453,1)-1)+0.4*SIN(($BV9+COLUMN()-COLUMN($AL$9))*2*PI()/7))))) -> 0.99953397 | AO9: =IF($A9="","",IF((COLUMN()-COLUMN($AL$9))>($B$3-1),0,MAX(0.1,1+$D$3*(0.6*(2*MOD(ABS(SIN((COLUMN()-COLUMN($AL$9)+1)*12.9898+$B$2*0.0001))*43758.5453,1)-1)+0.4*SIN(($BV9+COLUMN()-COLUMN($AL$9))*2*PI()/7))))) -> 0.99911455 | AP9: =IF($A9="","",IF((COLUMN()-COLUMN($AL$9))>($B$3-1),0,MAX(0.1,1+$D$3*(0.6*(2*MOD(ABS(SIN((COLUMN()-COLUMN($AL$9)+1)*12.9898+$B$2*0.0001))*43758.5453,1)-1)+0.4*SIN(($BV9+COLUMN()-COLUMN($AL$9))*2*PI()/7))))) -> 1.0007106 | AQ9: =IF($A9="","",IF((COLUMN()-COLUMN($AL$9))>($B$3-1),0,MAX(0.1,1+$D$3*(0.6*(2*MOD(ABS(SIN((COLUMN()-COLUMN($AL$9)+1)*12.9898+$B$2*0.0001))*43758.5453,1)-1)+0.4*SIN(($BV9+COLUMN()-COLUMN($AL$9))*2*PI()/7))))) -> 0 | AR9: =IF($A9="","",IF((COLUMN()-COLUMN($AL$9))>($B$3-1),0,MAX(0.1,1+$D$3*(0.6*(2*MOD(ABS(SIN((COLUMN()-COLUMN($AL$9)+1)*12.9898+$B$2*0.0001))*43758.5453,1)-1)+0.4*SIN(($BV9+COLUMN()-COLUMN($AL$9))*2*PI()/7))))) -> 0 | AS9: =IF($A9="","",IF((COLUMN()-COLUMN($AL$9))>($B$3-1),0,MAX(0.1,1+$D$3*(0.6*(2*MOD(ABS(SIN((COLUMN()-COLUMN($AL$9)+1)*12.9898+$B$2*0.0001))*43758.5453,1)-1)+0.4*SIN(($BV9+COLUMN()-COLUMN($AL$9))*2*PI()/7))))) -> 0 | ... BO9: =IF($A9="","",IF((COLUMN()-COLUMN($AL$9))>($B$3-1),0,MAX(0.1,1+$D$3*(0.6*(2*MOD(ABS(SIN((COLUMN()-COLUMN($AL$9)+1)*12.9898+$B$2*0.0001))*43758.5453,1)-1)+0.4*SIN(($BV9+COLUMN()-COLUMN($AL$9))*2*PI()/7))))) -> 0 | BP9: =IF($A9="","",$A9) -> Bánh Khoai Tây xá 4kg | BQ9: =IF($A9="","",$E9) -> 4 | BR9: =IF($A9="","",$D9) -> 58850 | BS9: =IF($A9="","",ROUNDDOWN(BQ9*MIN(1,$B$2/SUMPRODUCT($BQ$9:$BQ$82,$BR$9:$BR$82)),0)) -> 3 | BT9: =IF($A9="","",MIN(BQ9-BS9,MAX(0,ROUNDDOWN(($B$2-SUMPRODUCT($BS$9:$BS$82,$BR$9:$BR$82))/BR9,0)))) -> 1 | BU9: =IF($A9="","",BS9+BT9) -> 4 | BV9: =IF($A9="","",MOD(ROW()-5,30)) -> 4
A10: =IFERROR(__xludf.DUMMYFUNCTION("IFERROR(INDEX(FILTER(T4.2026!$A$2:$A$1000, T4.2026!$A$2:$A$1000<>""""), ROWS($A$9:A10)), """")"),"VP26_01") -> VP26_01 | B10: {=IF($A10="","",IFERROR(_xlfn.XLOOKUP($A10,'T4.2026'!$A$2:$A$1000,'T4.2026'!$B$2:$B$1000),""))} -> Nước T-REXX Oishi Túi 180ml (5 bịch/T) | C10: {=IF($A10="","",IFERROR(_xlfn.XLOOKUP($A10,'T4.2026'!$A$2:$A$1000,'T4.2026'!$C$2:$C$1000),""))} -> Bịch | D10: {=IF($A10="","",ROUND(IFERROR(_xlfn.XLOOKUP($A10,'T4.2026'!$A$2:$A$1000,'T4.2026'!$D$2:$D$1000),0),0))} -> 28160 | E10: {=IF($A10="","",IFERROR(_xlfn.XLOOKUP($A10,'T4.2026'!$A$2:$A$1000,'T4.2026'!$E$2:$E$1000),0))} -> 25 | F10: =IF($A10="","",IF(F$8=0,"",IF(SUM($AL10:$BO10)=0,0,ROUND($BU10*SUM($AL10:AL10)/SUM($AL10:$BO10),0)-0))) -> 5 | G10: =IF($A10="","",IF(G$8=0,"",IF(SUM($AL10:$BO10)=0,0,ROUND($BU10*SUM($AL10:AM10)/SUM($AL10:$BO10),0)-ROUND($BU10*SUM($AL10:AL10)/SUM($AL10:$BO10),0)))) -> 5 | H10: =IF($A10="","",IF(H$8=0,"",IF(SUM($AL10:$BO10)=0,0,ROUND($BU10*SUM($AL10:AN10)/SUM($AL10:$BO10),0)-ROUND($BU10*SUM($AL10:AM10)/SUM($AL10:$BO10),0)))) -> 5 | I10: =IF($A10="","",IF(I$8=0,"",IF(SUM($AL10:$BO10)=0,0,ROUND($BU10*SUM($AL10:AO10)/SUM($AL10:$BO10),0)-ROUND($BU10*SUM($AL10:AN10)/SUM($AL10:$BO10),0)))) -> 5 | J10: =IF($A10="","",IF(J$8=0,"",IF(SUM($AL10:$BO10)=0,0,ROUND($BU10*SUM($AL10:AP10)/SUM($AL10:$BO10),0)-ROUND($BU10*SUM($AL10:AO10)/SUM($AL10:$BO10),0)))) -> 5 | K10: =IF($A10="","",IF(K$8=0,"",IF(SUM($AL10:$BO10)=0,0,ROUND($BU10*SUM($AL10:AQ10)/SUM($AL10:$BO10),0)-ROUND($BU10*SUM($AL10:AP10)/SUM($AL10:$BO10),0)))) | L10: =IF($A10="","",IF(L$8=0,"",IF(SUM($AL10:$BO10)=0,0,ROUND($BU10*SUM($AL10:AR10)/SUM($AL10:$BO10),0)-ROUND($BU10*SUM($AL10:AQ10)/SUM($AL10:$BO10),0)))) | M10: =IF($A10="","",IF(M$8=0,"",IF(SUM($AL10:$BO10)=0,0,ROUND($BU10*SUM($AL10:AS10)/SUM($AL10:$BO10),0)-ROUND($BU10*SUM($AL10:AR10)/SUM($AL10:$BO10),0)))) | N10: =IF($A10="","",IF(N$8=0,"",IF(SUM($AL10:$BO10)=0,0,ROUND($BU10*SUM($AL10:AT10)/SUM($AL10:$BO10),0)-ROUND($BU10*SUM($AL10:AS10)/SUM($AL10:$BO10),0)))) | ... AI10: =IF($A10="","",IF(AI$8=0,"",IF(SUM($AL10:$BO10)=0,0,ROUND($BU10*SUM($AL10:BO10)/SUM($AL10:$BO10),0)-ROUND($BU10*SUM($AL10:BN10)/SUM($AL10:$BO10),0)))) | AJ10: =IF($A10="","",SUM(F10:AI10)) -> 25 | AK10: =IF($A10="","",E10-AJ10) -> 0 | AL10: =IF($A10="","",IF((COLUMN()-COLUMN($AL$9))>($B$3-1),0,MAX(0.1,1+$D$3*(0.6*(2*MOD(ABS(SIN((COLUMN()-COLUMN($AL$9)+1)*12.9898+$B$2*0.0001))*43758.5453,1)-1)+0.4*SIN(($BV10+COLUMN()-COLUMN($AL$9))*2*PI()/7))))) -> 0.99977589 | AM10: =IF($A10="","",IF((COLUMN()-COLUMN($AL$9))>($B$3-1),0,MAX(0.1,1+$D$3*(0.6*(2*MOD(ABS(SIN((COLUMN()-COLUMN($AL$9)+1)*12.9898+$B$2*0.0001))*43758.5453,1)-1)+0.4*SIN(($BV10+COLUMN()-COLUMN($AL$9))*2*PI()/7))))) -> 1.0007845 | AN10: =IF($A10="","",IF((COLUMN()-COLUMN($AL$9))>($B$3-1),0,MAX(0.1,1+$D$3*(0.6*(2*MOD(ABS(SIN((COLUMN()-COLUMN($AL$9)+1)*12.9898+$B$2*0.0001))*43758.5453,1)-1)+0.4*SIN(($BV10+COLUMN()-COLUMN($AL$9))*2*PI()/7))))) -> 1.0026613 | AO10: =IF($A10="","",IF((COLUMN()-COLUMN($AL$9))>($B$3-1),0,MAX(0.1,1+$D$3*(0.6*(2*MOD(ABS(SIN((COLUMN()-COLUMN($AL$9)+1)*12.9898+$B$2*0.0001))*43758.5453,1)-1)+0.4*SIN(($BV10+COLUMN()-COLUMN($AL$9))*2*PI()/7))))) -> 1.0022419 | AP10: =IF($A10="","",IF((COLUMN()-COLUMN($AL$9))>($B$3-1),0,MAX(0.1,1+$D$3*(0.6*(2*MOD(ABS(SIN((COLUMN()-COLUMN($AL$9)+1)*12.9898+$B$2*0.0001))*43758.5453,1)-1)+0.4*SIN(($BV10+COLUMN()-COLUMN($AL$9))*2*PI()/7))))) -> 1.001483 | AQ10: =IF($A10="","",IF((COLUMN()-COLUMN($AL$9))>($B$3-1),0,MAX(0.1,1+$D$3*(0.6*(2*MOD(ABS(SIN((COLUMN()-COLUMN($AL$9)+1)*12.9898+$B$2*0.0001))*43758.5453,1)-1)+0.4*SIN(($BV10+COLUMN()-COLUMN($AL$9))*2*PI()/7))))) -> 0 | AR10: =IF($A10="","",IF((COLUMN()-COLUMN($AL$9))>($B$3-1),0,MAX(0.1,1+$D$3*(0.6*(2*MOD(ABS(SIN((COLUMN()-COLUMN($AL$9)+1)*12.9898+$B$2*0.0001))*43758.5453,1)-1)+0.4*SIN(($BV10+COLUMN()-COLUMN($AL$9))*2*PI()/7))))) -> 0 | AS10: =IF($A10="","",IF((COLUMN()-COLUMN($AL$9))>($B$3-1),0,MAX(0.1,1+$D$3*(0.6*(2*MOD(ABS(SIN((COLUMN()-COLUMN($AL$9)+1)*12.9898+$B$2*0.0001))*43758.5453,1)-1)+0.4*SIN(($BV10+COLUMN()-COLUMN($AL$9))*2*PI()/7))))) -> 0 | ... BO10: =IF($A10="","",IF((COLUMN()-COLUMN($AL$9))>($B$3-1),0,MAX(0.1,1+$D$3*(0.6*(2*MOD(ABS(SIN((COLUMN()-COLUMN($AL$9)+1)*12.9898+$B$2*0.0001))*43758.5453,1)-1)+0.4*SIN(($BV10+COLUMN()-COLUMN($AL$9))*2*PI()/7))))) -> 0 | BP10: =IF($A10="","",$A10) -> VP26_01 | BQ10: =IF($A10="","",$E10) -> 25 | BR10: =IF($A10="","",$D10) -> 28160 | BS10: =IF($A10="","",ROUNDDOWN(BQ10*MIN(1,$B$2/SUMPRODUCT($BQ$9:$BQ$82,$BR$9:$BR$82)),0)) -> 23 | BT10: =IF($A10="","",MIN(BQ10-BS10,MAX(0,ROUNDDOWN(($B$2-SUMPRODUCT($BS$9:$BS$82,$BR$9:$BR$82)-SUMPRODUCT($BT$9:BT9,$BR$9:BR9))/BR10,0)))) -> 2 | BU10: =IF($A10="","",BS10+BT10) -> 25 | BV10: =IF($A10="","",MOD(ROW()-5,30)) -> 5
A11: =IFERROR(__xludf.DUMMYFUNCTION("IFERROR(INDEX(FILTER(T4.2026!$A$2:$A$1000, T4.2026!$A$2:$A$1000<>""""), ROWS($A$9:A11)), """")"),"VP26_02") -> VP26_02 | B11: {=IF($A11="","",IFERROR(_xlfn.XLOOKUP($A11,'T4.2026'!$A$2:$A$1000,'T4.2026'!$B$2:$B$1000),""))} -> Bánh snack Oishi 2K (10 bịch/bao) | C11: {=IF($A11="","",IFERROR(_xlfn.XLOOKUP($A11,'T4.2026'!$A$2:$A$1000,'T4.2026'!$C$2:$C$1000),""))} -> Bịch | D11: {=IF($A11="","",ROUND(IFERROR(_xlfn.XLOOKUP($A11,'T4.2026'!$A$2:$A$1000,'T4.2026'!$D$2:$D$1000),0),0))} -> 15248 | E11: {=IF($A11="","",IFERROR(_xlfn.XLOOKUP($A11,'T4.2026'!$A$2:$A$1000,'T4.2026'!$E$2:$E$1000),0))} -> 280 | F11: =IF($A11="","",IF(F$8=0,"",IF(SUM($AL11:$BO11)=0,0,ROUND($BU11*SUM($AL11:AL11)/SUM($AL11:$BO11),0)-0))) -> 53 | G11: =IF($A11="","",IF(G$8=0,"",IF(SUM($AL11:$BO11)=0,0,ROUND($BU11*SUM($AL11:AM11)/SUM($AL11:$BO11),0)-ROUND($BU11*SUM($AL11:AL11)/SUM($AL11:$BO11),0)))) -> 53 | H11: =IF($A11="","",IF(H$8=0,"",IF(SUM($AL11:$BO11)=0,0,ROUND($BU11*SUM($AL11:AN11)/SUM($AL11:$BO11),0)-ROUND($BU11*SUM($AL11:AM11)/SUM($AL11:$BO11),0)))) -> 53 | I11: =IF($A11="","",IF(I$8=0,"",IF(SUM($AL11:$BO11)=0,0,ROUND($BU11*SUM($AL11:AO11)/SUM($AL11:$BO11),0)-ROUND($BU11*SUM($AL11:AN11)/SUM($AL11:$BO11),0)))) -> 53 | J11: =IF($A11="","",IF(J$8=0,"",IF(SUM($AL11:$BO11)=0,0,ROUND($BU11*SUM($AL11:AP11)/SUM($AL11:$BO11),0)-ROUND($BU11*SUM($AL11:AO11)/SUM($AL11:$BO11),0)))) -> 53 | K11: =IF($A11="","",IF(K$8=0,"",IF(SUM($AL11:$BO11)=0,0,ROUND($BU11*SUM($AL11:AQ11)/SUM($AL11:$BO11),0)-ROUND($BU11*SUM($AL11:AP11)/SUM($AL11:$BO11),0)))) | L11: =IF($A11="","",IF(L$8=0,"",IF(SUM($AL11:$BO11)=0,0,ROUND($BU11*SUM($AL11:AR11)/SUM($AL11:$BO11),0)-ROUND($BU11*SUM($AL11:AQ11)/SUM($AL11:$BO11),0)))) | M11: =IF($A11="","",IF(M$8=0,"",IF(SUM($AL11:$BO11)=0,0,ROUND($BU11*SUM($AL11:AS11)/SUM($AL11:$BO11),0)-ROUND($BU11*SUM($AL11:AR11)/SUM($AL11:$BO11),0)))) | N11: =IF($A11="","",IF(N$8=0,"",IF(SUM($AL11:$BO11)=0,0,ROUND($BU11*SUM($AL11:AT11)/SUM($AL11:$BO11),0)-ROUND($BU11*SUM($AL11:AS11)/SUM($AL11:$BO11),0)))) | ... AI11: =IF($A11="","",IF(AI$8=0,"",IF(SUM($AL11:$BO11)=0,0,ROUND($BU11*SUM($AL11:BO11)/SUM($AL11:$BO11),0)-ROUND($BU11*SUM($AL11:BN11)/SUM($AL11:$BO11),0)))) | AJ11: =IF($A11="","",SUM(F11:AI11)) -> 265 | AK11: =IF($A11="","",E11-AJ11) -> 15 | AL11: =IF($A11="","",IF((COLUMN()-COLUMN($AL$9))>($B$3-1),0,MAX(0.1,1+$D$3*(0.6*(2*MOD(ABS(SIN((COLUMN()-COLUMN($AL$9)+1)*12.9898+$B$2*0.0001))*43758.5453,1)-1)+0.4*SIN(($BV11+COLUMN()-COLUMN($AL$9))*2*PI()/7))))) -> 1.0005483 | AM11: =IF($A11="","",IF((COLUMN()-COLUMN($AL$9))>($B$3-1),0,MAX(0.1,1+$D$3*(0.6*(2*MOD(ABS(SIN((COLUMN()-COLUMN($AL$9)+1)*12.9898+$B$2*0.0001))*43758.5453,1)-1)+0.4*SIN(($BV11+COLUMN()-COLUMN($AL$9))*2*PI()/7))))) -> 1.0039118 | AN11: =IF($A11="","",IF((COLUMN()-COLUMN($AL$9))>($B$3-1),0,MAX(0.1,1+$D$3*(0.6*(2*MOD(ABS(SIN((COLUMN()-COLUMN($AL$9)+1)*12.9898+$B$2*0.0001))*43758.5453,1)-1)+0.4*SIN(($BV11+COLUMN()-COLUMN($AL$9))*2*PI()/7))))) -> 1.0057886 | AO11: =IF($A11="","",IF((COLUMN()-COLUMN($AL$9))>($B$3-1),0,MAX(0.1,1+$D$3*(0.6*(2*MOD(ABS(SIN((COLUMN()-COLUMN($AL$9)+1)*12.9898+$B$2*0.0001))*43758.5453,1)-1)+0.4*SIN(($BV11+COLUMN()-COLUMN($AL$9))*2*PI()/7))))) -> 1.0030143 | AP11: =IF($A11="","",IF((COLUMN()-COLUMN($AL$9))>($B$3-1),0,MAX(0.1,1+$D$3*(0.6*(2*MOD(ABS(SIN((COLUMN()-COLUMN($AL$9)+1)*12.9898+$B$2*0.0001))*43758.5453,1)-1)+0.4*SIN(($BV11+COLUMN()-COLUMN($AL$9))*2*PI()/7))))) -> 0.9993188 | AQ11: =IF($A11="","",IF((COLUMN()-COLUMN($AL$9))>($B$3-1),0,MAX(0.1,1+$D$3*(0.6*(2*MOD(ABS(SIN((COLUMN()-COLUMN($AL$9)+1)*12.9898+$B$2*0.0001))*43758.5453,1)-1)+0.4*SIN(($BV11+COLUMN()-COLUMN($AL$9))*2*PI()/7))))) -> 0 | AR11: =IF($A11="","",IF((COLUMN()-COLUMN($AL$9))>($B$3-1),0,MAX(0.1,1+$D$3*(0.6*(2*MOD(ABS(SIN((COLUMN()-COLUMN($AL$9)+1)*12.9898+$B$2*0.0001))*43758.5453,1)-1)+0.4*SIN(($BV11+COLUMN()-COLUMN($AL$9))*2*PI()/7))))) -> 0 | AS11: =IF($A11="","",IF((COLUMN()-COLUMN($AL$9))>($B$3-1),0,MAX(0.1,1+$D$3*(0.6*(2*MOD(ABS(SIN((COLUMN()-COLUMN($AL$9)+1)*12.9898+$B$2*0.0001))*43758.5453,1)-1)+0.4*SIN(($BV11+COLUMN()-COLUMN($AL$9))*2*PI()/7))))) -> 0 | ... BO11: =IF($A11="","",IF((COLUMN()-COLUMN($AL$9))>($B$3-1),0,MAX(0.1,1+$D$3*(0.6*(2*MOD(ABS(SIN((COLUMN()-COLUMN($AL$9)+1)*12.9898+$B$2*0.0001))*43758.5453,1)-1)+0.4*SIN(($BV11+COLUMN()-COLUMN($AL$9))*2*PI()/7))))) -> 0 | BP11: =IF($A11="","",$A11) -> VP26_02 | BQ11: =IF($A11="","",$E11) -> 280 | BR11: =IF($A11="","",$D11) -> 15248 | BS11: =IF($A11="","",ROUNDDOWN(BQ11*MIN(1,$B$2/SUMPRODUCT($BQ$9:$BQ$82,$BR$9:$BR$82)),0)) -> 263 | BT11: =IF($A11="","",MIN(BQ11-BS11,MAX(0,ROUNDDOWN(($B$2-SUMPRODUCT($BS$9:$BS$82,$BR$9:$BR$82)-SUMPRODUCT($BT$9:BT10,$BR$9:BR10))/BR11,0)))) -> 2 | BU11: =IF($A11="","",BS11+BT11) -> 265 | BV11: =IF($A11="","",MOD(ROW()-5,30)) -> 6
A12: =IFERROR(__xludf.DUMMYFUNCTION("IFERROR(INDEX(FILTER(T4.2026!$A$2:$A$1000, T4.2026!$A$2:$A$1000<>""""), ROWS($A$9:A12)), """")"),"VP26_10") -> VP26_10 | B12: {=IF($A12="","",IFERROR(_xlfn.XLOOKUP($A12,'T4.2026'!$A$2:$A$1000,'T4.2026'!$B$2:$B$1000),""))} -> Bánh snack Oishi 5K (8 bịch/bao) | C12: {=IF($A12="","",IFERROR(_xlfn.XLOOKUP($A12,'T4.2026'!$A$2:$A$1000,'T4.2026'!$C$2:$C$1000),""))} -> Bịch | D12: {=IF($A12="","",ROUND(IFERROR(_xlfn.XLOOKUP($A12,'T4.2026'!$A$2:$A$1000,'T4.2026'!$D$2:$D$1000),0),0))} -> 38500 | E12: {=IF($A12="","",IFERROR(_xlfn.XLOOKUP($A12,'T4.2026'!$A$2:$A$1000,'T4.2026'!$E$2:$E$1000),0))} -> 8 | F12: =IF($A12="","",IF(F$8=0,"",IF(SUM($AL12:$BO12)=0,0,ROUND($BU12*SUM($AL12:AL12)/SUM($AL12:$BO12),0)-0))) -> 1 | G12: =IF($A12="","",IF(G$8=0,"",IF(SUM($AL12:$BO12)=0,0,ROUND($BU12*SUM($AL12:AM12)/SUM($AL12:$BO12),0)-ROUND($BU12*SUM($AL12:AL12)/SUM($AL12:$BO12),0)))) -> 2 | H12: =IF($A12="","",IF(H$8=0,"",IF(SUM($AL12:$BO12)=0,0,ROUND($BU12*SUM($AL12:AN12)/SUM($AL12:$BO12),0)-ROUND($BU12*SUM($AL12:AM12)/SUM($AL12:$BO12),0)))) -> 1 | I12: =IF($A12="","",IF(I$8=0,"",IF(SUM($AL12:$BO12)=0,0,ROUND($BU12*SUM($AL12:AO12)/SUM($AL12:$BO12),0)-ROUND($BU12*SUM($AL12:AN12)/SUM($AL12:$BO12),0)))) -> 2 | J12: =IF($A12="","",IF(J$8=0,"",IF(SUM($AL12:$BO12)=0,0,ROUND($BU12*SUM($AL12:AP12)/SUM($AL12:$BO12),0)-ROUND($BU12*SUM($AL12:AO12)/SUM($AL12:$BO12),0)))) -> 1 | K12: =IF($A12="","",IF(K$8=0,"",IF(SUM($AL12:$BO12)=0,0,ROUND($BU12*SUM($AL12:AQ12)/SUM($AL12:$BO12),0)-ROUND($BU12*SUM($AL12:AP12)/SUM($AL12:$BO12),0)))) | L12: =IF($A12="","",IF(L$8=0,"",IF(SUM($AL12:$BO12)=0,0,ROUND($BU12*SUM($AL12:AR12)/SUM($AL12:$BO12),0)-ROUND($BU12*SUM($AL12:AQ12)/SUM($AL12:$BO12),0)))) | M12: =IF($A12="","",IF(M$8=0,"",IF(SUM($AL12:$BO12)=0,0,ROUND($BU12*SUM($AL12:AS12)/SUM($AL12:$BO12),0)-ROUND($BU12*SUM($AL12:AR12)/SUM($AL12:$BO12),0)))) | N12: =IF($A12="","",IF(N$8=0,"",IF(SUM($AL12:$BO12)=0,0,ROUND($BU12*SUM($AL12:AT12)/SUM($AL12:$BO12),0)-ROUND($BU12*SUM($AL12:AS12)/SUM($AL12:$BO12),0)))) | ... AI12: =IF($A12="","",IF(AI$8=0,"",IF(SUM($AL12:$BO12)=0,0,ROUND($BU12*SUM($AL12:BO12)/SUM($AL12:$BO12),0)-ROUND($BU12*SUM($AL12:BN12)/SUM($AL12:$BO12),0)))) | AJ12: =IF($A12="","",SUM(F12:AI12)) -> 7 | AK12: =IF($A12="","",E12-AJ12) -> 1 | AL12: =IF($A12="","",IF((COLUMN()-COLUMN($AL$9))>($B$3-1),0,MAX(0.1,1+$D$3*(0.6*(2*MOD(ABS(SIN((COLUMN()-COLUMN($AL$9)+1)*12.9898+$B$2*0.0001))*43758.5453,1)-1)+0.4*SIN(($BV12+COLUMN()-COLUMN($AL$9))*2*PI()/7))))) -> 1.0036756 | AM12: =IF($A12="","",IF((COLUMN()-COLUMN($AL$9))>($B$3-1),0,MAX(0.1,1+$D$3*(0.6*(2*MOD(ABS(SIN((COLUMN()-COLUMN($AL$9)+1)*12.9898+$B$2*0.0001))*43758.5453,1)-1)+0.4*SIN(($BV12+COLUMN()-COLUMN($AL$9))*2*PI()/7))))) -> 1.0070391 | AN12: =IF($A12="","",IF((COLUMN()-COLUMN($AL$9))>($B$3-1),0,MAX(0.1,1+$D$3*(0.6*(2*MOD(ABS(SIN((COLUMN()-COLUMN($AL$9)+1)*12.9898+$B$2*0.0001))*43758.5453,1)-1)+0.4*SIN(($BV12+COLUMN()-COLUMN($AL$9))*2*PI()/7))))) -> 1.006561 | AO12: =IF($A12="","",IF((COLUMN()-COLUMN($AL$9))>($B$3-1),0,MAX(0.1,1+$D$3*(0.6*(2*MOD(ABS(SIN((COLUMN()-COLUMN($AL$9)+1)*12.9898+$B$2*0.0001))*43758.5453,1)-1)+0.4*SIN(($BV12+COLUMN()-COLUMN($AL$9))*2*PI()/7))))) -> 1.0008501 | AP12: =IF($A12="","",IF((COLUMN()-COLUMN($AL$9))>($B$3-1),0,MAX(0.1,1+$D$3*(0.6*(2*MOD(ABS(SIN((COLUMN()-COLUMN($AL$9)+1)*12.9898+$B$2*0.0001))*43758.5453,1)-1)+0.4*SIN(($BV12+COLUMN()-COLUMN($AL$9))*2*PI()/7))))) -> 0.99584773 | AQ12: =IF($A12="","",IF((COLUMN()-COLUMN($AL$9))>($B$3-1),0,MAX(0.1,1+$D$3*(0.6*(2*MOD(ABS(SIN((COLUMN()-COLUMN($AL$9)+1)*12.9898+$B$2*0.0001))*43758.5453,1)-1)+0.4*SIN(($BV12+COLUMN()-COLUMN($AL$9))*2*PI()/7))))) -> 0 | AR12: =IF($A12="","",IF((COLUMN()-COLUMN($AL$9))>($B$3-1),0,MAX(0.1,1+$D$3*(0.6*(2*MOD(ABS(SIN((COLUMN()-COLUMN($AL$9)+1)*12.9898+$B$2*0.0001))*43758.5453,1)-1)+0.4*SIN(($BV12+COLUMN()-COLUMN($AL$9))*2*PI()/7))))) -> 0 | AS12: =IF($A12="","",IF((COLUMN()-COLUMN($AL$9))>($B$3-1),0,MAX(0.1,1+$D$3*(0.6*(2*MOD(ABS(SIN((COLUMN()-COLUMN($AL$9)+1)*12.9898+$B$2*0.0001))*43758.5453,1)-1)+0.4*SIN(($BV12+COLUMN()-COLUMN($AL$9))*2*PI()/7))))) -> 0 | ... BO12: =IF($A12="","",IF((COLUMN()-COLUMN($AL$9))>($B$3-1),0,MAX(0.1,1+$D$3*(0.6*(2*MOD(ABS(SIN((COLUMN()-COLUMN($AL$9)+1)*12.9898+$B$2*0.0001))*43758.5453,1)-1)+0.4*SIN(($BV12+COLUMN()-COLUMN($AL$9))*2*PI()/7))))) -> 0 | BP12: =IF($A12="","",$A12) -> VP26_10 | BQ12: =IF($A12="","",$E12) -> 8 | BR12: =IF($A12="","",$D12) -> 38500 | BS12: =IF($A12="","",ROUNDDOWN(BQ12*MIN(1,$B$2/SUMPRODUCT($BQ$9:$BQ$82,$BR$9:$BR$82)),0)) -> 7 | BT12: =IF($A12="","",MIN(BQ12-BS12,MAX(0,ROUNDDOWN(($B$2-SUMPRODUCT($BS$9:$BS$82,$BR$9:$BR$82)-SUMPRODUCT($BT$9:BT11,$BR$9:BR11))/BR12,0)))) -> 0 | BU12: =IF($A12="","",BS12+BT12) -> 7 | BV12: =IF($A12="","",MOD(ROW()-5,30)) -> 7
A13: =IFERROR(__xludf.DUMMYFUNCTION("IFERROR(INDEX(FILTER(T4.2026!$A$2:$A$1000, T4.2026!$A$2:$A$1000<>""""), ROWS($A$9:A13)), """")"),"VP26_13") -> VP26_13 | B13: {=IF($A13="","",IFERROR(_xlfn.XLOOKUP($A13,'T4.2026'!$A$2:$A$1000,'T4.2026'!$B$2:$B$1000),""))} -> Bánh Chấm 330g PC (12 cái) | C13: {=IF($A13="","",IFERROR(_xlfn.XLOOKUP($A13,'T4.2026'!$A$2:$A$1000,'T4.2026'!$C$2:$C$1000),""))} -> Cái | D13: {=IF($A13="","",ROUND(IFERROR(_xlfn.XLOOKUP($A13,'T4.2026'!$A$2:$A$1000,'T4.2026'!$D$2:$D$1000),0),0))} -> 2383 | E13: {=IF($A13="","",IFERROR(_xlfn.XLOOKUP($A13,'T4.2026'!$A$2:$A$1000,'T4.2026'!$E$2:$E$1000),0))} -> 120 | F13: =IF($A13="","",IF(F$8=0,"",IF(SUM($AL13:$BO13)=0,0,ROUND($BU13*SUM($AL13:AL13)/SUM($AL13:$BO13),0)-0))) -> 23 | G13: =IF($A13="","",IF(G$8=0,"",IF(SUM($AL13:$BO13)=0,0,ROUND($BU13*SUM($AL13:AM13)/SUM($AL13:$BO13),0)-ROUND($BU13*SUM($AL13:AL13)/SUM($AL13:$BO13),0)))) -> 22 | H13: =IF($A13="","",IF(H$8=0,"",IF(SUM($AL13:$BO13)=0,0,ROUND($BU13*SUM($AL13:AN13)/SUM($AL13:$BO13),0)-ROUND($BU13*SUM($AL13:AM13)/SUM($AL13:$BO13),0)))) -> 22 | I13: =IF($A13="","",IF(I$8=0,"",IF(SUM($AL13:$BO13)=0,0,ROUND($BU13*SUM($AL13:AO13)/SUM($AL13:$BO13),0)-ROUND($BU13*SUM($AL13:AN13)/SUM($AL13:$BO13),0)))) -> 23 | J13: =IF($A13="","",IF(J$8=0,"",IF(SUM($AL13:$BO13)=0,0,ROUND($BU13*SUM($AL13:AP13)/SUM($AL13:$BO13),0)-ROUND($BU13*SUM($AL13:AO13)/SUM($AL13:$BO13),0)))) -> 22 | K13: =IF($A13="","",IF(K$8=0,"",IF(SUM($AL13:$BO13)=0,0,ROUND($BU13*SUM($AL13:AQ13)/SUM($AL13:$BO13),0)-ROUND($BU13*SUM($AL13:AP13)/SUM($AL13:$BO13),0)))) | L13: =IF($A13="","",IF(L$8=0,"",IF(SUM($AL13:$BO13)=0,0,ROUND($BU13*SUM($AL13:AR13)/SUM($AL13:$BO13),0)-ROUND($BU13*SUM($AL13:AQ13)/SUM($AL13:$BO13),0)))) | M13: =IF($A13="","",IF(M$8=0,"",IF(SUM($AL13:$BO13)=0,0,ROUND($BU13*SUM($AL13:AS13)/SUM($AL13:$BO13),0)-ROUND($BU13*SUM($AL13:AR13)/SUM($AL13:$BO13),0)))) | N13: =IF($A13="","",IF(N$8=0,"",IF(SUM($AL13:$BO13)=0,0,ROUND($BU13*SUM($AL13:AT13)/SUM($AL13:$BO13),0)-ROUND($BU13*SUM($AL13:AS13)/SUM($AL13:$BO13),0)))) | ... AI13: =IF($A13="","",IF(AI$8=0,"",IF(SUM($AL13:$BO13)=0,0,ROUND($BU13*SUM($AL13:BO13)/SUM($AL13:$BO13),0)-ROUND($BU13*SUM($AL13:BN13)/SUM($AL13:$BO13),0)))) | AJ13: =IF($A13="","",SUM(F13:AI13)) -> 112 | AK13: =IF($A13="","",E13-AJ13) -> 8 | AL13: =IF($A13="","",IF((COLUMN()-COLUMN($AL$9))>($B$3-1),0,MAX(0.1,1+$D$3*(0.6*(2*MOD(ABS(SIN((COLUMN()-COLUMN($AL$9)+1)*12.9898+$B$2*0.0001))*43758.5453,1)-1)+0.4*SIN(($BV13+COLUMN()-COLUMN($AL$9))*2*PI()/7))))) -> 1.0068029 | AM13: =IF($A13="","",IF((COLUMN()-COLUMN($AL$9))>($B$3-1),0,MAX(0.1,1+$D$3*(0.6*(2*MOD(ABS(SIN((COLUMN()-COLUMN($AL$9)+1)*12.9898+$B$2*0.0001))*43758.5453,1)-1)+0.4*SIN(($BV13+COLUMN()-COLUMN($AL$9))*2*PI()/7))))) -> 1.0078115 | AN13: =IF($A13="","",IF((COLUMN()-COLUMN($AL$9))>($B$3-1),0,MAX(0.1,1+$D$3*(0.6*(2*MOD(ABS(SIN((COLUMN()-COLUMN($AL$9)+1)*12.9898+$B$2*0.0001))*43758.5453,1)-1)+0.4*SIN(($BV13+COLUMN()-COLUMN($AL$9))*2*PI()/7))))) -> 1.0043968 | AO13: =IF($A13="","",IF((COLUMN()-COLUMN($AL$9))>($B$3-1),0,MAX(0.1,1+$D$3*(0.6*(2*MOD(ABS(SIN((COLUMN()-COLUMN($AL$9)+1)*12.9898+$B$2*0.0001))*43758.5453,1)-1)+0.4*SIN(($BV13+COLUMN()-COLUMN($AL$9))*2*PI()/7))))) -> 0.99737901 | AP13: =IF($A13="","",IF((COLUMN()-COLUMN($AL$9))>($B$3-1),0,MAX(0.1,1+$D$3*(0.6*(2*MOD(ABS(SIN((COLUMN()-COLUMN($AL$9)+1)*12.9898+$B$2*0.0001))*43758.5453,1)-1)+0.4*SIN(($BV13+COLUMN()-COLUMN($AL$9))*2*PI()/7))))) -> 0.99368355 | AQ13: =IF($A13="","",IF((COLUMN()-COLUMN($AL$9))>($B$3-1),0,MAX(0.1,1+$D$3*(0.6*(2*MOD(ABS(SIN((COLUMN()-COLUMN($AL$9)+1)*12.9898+$B$2*0.0001))*43758.5453,1)-1)+0.4*SIN(($BV13+COLUMN()-COLUMN($AL$9))*2*PI()/7))))) -> 0 | AR13: =IF($A13="","",IF((COLUMN()-COLUMN($AL$9))>($B$3-1),0,MAX(0.1,1+$D$3*(0.6*(2*MOD(ABS(SIN((COLUMN()-COLUMN($AL$9)+1)*12.9898+$B$2*0.0001))*43758.5453,1)-1)+0.4*SIN(($BV13+COLUMN()-COLUMN($AL$9))*2*PI()/7))))) -> 0 | AS13: =IF($A13="","",IF((COLUMN()-COLUMN($AL$9))>($B$3-1),0,MAX(0.1,1+$D$3*(0.6*(2*MOD(ABS(SIN((COLUMN()-COLUMN($AL$9)+1)*12.9898+$B$2*0.0001))*43758.5453,1)-1)+0.4*SIN(($BV13+COLUMN()-COLUMN($AL$9))*2*PI()/7))))) -> 0 | ... BO13: =IF($A13="","",IF((COLUMN()-COLUMN($AL$9))>($B$3-1),0,MAX(0.1,1+$D$3*(0.6*(2*MOD(ABS(SIN((COLUMN()-COLUMN($AL$9)+1)*12.9898+$B$2*0.0001))*43758.5453,1)-1)+0.4*SIN(($BV13+COLUMN()-COLUMN($AL$9))*2*PI()/7))))) -> 0 | BP13: =IF($A13="","",$A13) -> VP26_13 | BQ13: =IF($A13="","",$E13) -> 120 | BR13: =IF($A13="","",$D13) -> 2383 | BS13: =IF($A13="","",ROUNDDOWN(BQ13*MIN(1,$B$2/SUMPRODUCT($BQ$9:$BQ$82,$BR$9:$BR$82)),0)) -> 112 | BT13: =IF($A13="","",MIN(BQ13-BS13,MAX(0,ROUNDDOWN(($B$2-SUMPRODUCT($BS$9:$BS$82,$BR$9:$BR$82)-SUMPRODUCT($BT$9:BT12,$BR$9:BR12))/BR13,0)))) -> 0 | BU13: =IF($A13="","",BS13+BT13) -> 112 | BV13: =IF($A13="","",MOD(ROW()-5,30)) -> 8
A14: =IFERROR(__xludf.DUMMYFUNCTION("IFERROR(INDEX(FILTER(T4.2026!$A$2:$A$1000, T4.2026!$A$2:$A$1000<>""""), ROWS($A$9:A14)), """")"),"VP26_32") -> VP26_32 | B14: {=IF($A14="","",IFERROR(_xlfn.XLOOKUP($A14,'T4.2026'!$A$2:$A$1000,'T4.2026'!$B$2:$B$1000),""))} -> Thạch miếng nhỏ Suso LƯỚI 800g (62 cái) | C14: {=IF($A14="","",IFERROR(_xlfn.XLOOKUP($A14,'T4.2026'!$A$2:$A$1000,'T4.2026'!$C$2:$C$1000),""))} -> Cái | D14: {=IF($A14="","",ROUND(IFERROR(_xlfn.XLOOKUP($A14,'T4.2026'!$A$2:$A$1000,'T4.2026'!$D$2:$D$1000),0),0))} -> 550 | E14: {=IF($A14="","",IFERROR(_xlfn.XLOOKUP($A14,'T4.2026'!$A$2:$A$1000,'T4.2026'!$E$2:$E$1000),0))} -> 372 | F14: =IF($A14="","",IF(F$8=0,"",IF(SUM($AL14:$BO14)=0,0,ROUND($BU14*SUM($AL14:AL14)/SUM($AL14:$BO14),0)-0))) -> 71 | G14: =IF($A14="","",IF(G$8=0,"",IF(SUM($AL14:$BO14)=0,0,ROUND($BU14*SUM($AL14:AM14)/SUM($AL14:$BO14),0)-ROUND($BU14*SUM($AL14:AL14)/SUM($AL14:$BO14),0)))) -> 70 | H14: =IF($A14="","",IF(H$8=0,"",IF(SUM($AL14:$BO14)=0,0,ROUND($BU14*SUM($AL14:AN14)/SUM($AL14:$BO14),0)-ROUND($BU14*SUM($AL14:AM14)/SUM($AL14:$BO14),0)))) -> 70 | I14: =IF($A14="","",IF(I$8=0,"",IF(SUM($AL14:$BO14)=0,0,ROUND($BU14*SUM($AL14:AO14)/SUM($AL14:$BO14),0)-ROUND($BU14*SUM($AL14:AN14)/SUM($AL14:$BO14),0)))) -> 70 | J14: =IF($A14="","",IF(J$8=0,"",IF(SUM($AL14:$BO14)=0,0,ROUND($BU14*SUM($AL14:AP14)/SUM($AL14:$BO14),0)-ROUND($BU14*SUM($AL14:AO14)/SUM($AL14:$BO14),0)))) -> 70 | K14: =IF($A14="","",IF(K$8=0,"",IF(SUM($AL14:$BO14)=0,0,ROUND($BU14*SUM($AL14:AQ14)/SUM($AL14:$BO14),0)-ROUND($BU14*SUM($AL14:AP14)/SUM($AL14:$BO14),0)))) | L14: =IF($A14="","",IF(L$8=0,"",IF(SUM($AL14:$BO14)=0,0,ROUND($BU14*SUM($AL14:AR14)/SUM($AL14:$BO14),0)-ROUND($BU14*SUM($AL14:AQ14)/SUM($AL14:$BO14),0)))) | M14: =IF($A14="","",IF(M$8=0,"",IF(SUM($AL14:$BO14)=0,0,ROUND($BU14*SUM($AL14:AS14)/SUM($AL14:$BO14),0)-ROUND($BU14*SUM($AL14:AR14)/SUM($AL14:$BO14),0)))) | N14: =IF($A14="","",IF(N$8=0,"",IF(SUM($AL14:$BO14)=0,0,ROUND($BU14*SUM($AL14:AT14)/SUM($AL14:$BO14),0)-ROUND($BU14*SUM($AL14:AS14)/SUM($AL14:$BO14),0)))) | ... AI14: =IF($A14="","",IF(AI$8=0,"",IF(SUM($AL14:$BO14)=0,0,ROUND($BU14*SUM($AL14:BO14)/SUM($AL14:$BO14),0)-ROUND($BU14*SUM($AL14:BN14)/SUM($AL14:$BO14),0)))) | AJ14: =IF($A14="","",SUM(F14:AI14)) -> 351 | AK14: =IF($A14="","",E14-AJ14) -> 21 | AL14: =IF($A14="","",IF((COLUMN()-COLUMN($AL$9))>($B$3-1),0,MAX(0.1,1+$D$3*(0.6*(2*MOD(ABS(SIN((COLUMN()-COLUMN($AL$9)+1)*12.9898+$B$2*0.0001))*43758.5453,1)-1)+0.4*SIN(($BV14+COLUMN()-COLUMN($AL$9))*2*PI()/7))))) -> 1.0075753 | AM14: =IF($A14="","",IF((COLUMN()-COLUMN($AL$9))>($B$3-1),0,MAX(0.1,1+$D$3*(0.6*(2*MOD(ABS(SIN((COLUMN()-COLUMN($AL$9)+1)*12.9898+$B$2*0.0001))*43758.5453,1)-1)+0.4*SIN(($BV14+COLUMN()-COLUMN($AL$9))*2*PI()/7))))) -> 1.0056473 | AN14: =IF($A14="","",IF((COLUMN()-COLUMN($AL$9))>($B$3-1),0,MAX(0.1,1+$D$3*(0.6*(2*MOD(ABS(SIN((COLUMN()-COLUMN($AL$9)+1)*12.9898+$B$2*0.0001))*43758.5453,1)-1)+0.4*SIN(($BV14+COLUMN()-COLUMN($AL$9))*2*PI()/7))))) -> 1.0009258 | AO14: =IF($A14="","",IF((COLUMN()-COLUMN($AL$9))>($B$3-1),0,MAX(0.1,1+$D$3*(0.6*(2*MOD(ABS(SIN((COLUMN()-COLUMN($AL$9)+1)*12.9898+$B$2*0.0001))*43758.5453,1)-1)+0.4*SIN(($BV14+COLUMN()-COLUMN($AL$9))*2*PI()/7))))) -> 0.99521483 | AP14: =IF($A14="","",IF((COLUMN()-COLUMN($AL$9))>($B$3-1),0,MAX(0.1,1+$D$3*(0.6*(2*MOD(ABS(SIN((COLUMN()-COLUMN($AL$9)+1)*12.9898+$B$2*0.0001))*43758.5453,1)-1)+0.4*SIN(($BV14+COLUMN()-COLUMN($AL$9))*2*PI()/7))))) -> 0.99445594 | AQ14: =IF($A14="","",IF((COLUMN()-COLUMN($AL$9))>($B$3-1),0,MAX(0.1,1+$D$3*(0.6*(2*MOD(ABS(SIN((COLUMN()-COLUMN($AL$9)+1)*12.9898+$B$2*0.0001))*43758.5453,1)-1)+0.4*SIN(($BV14+COLUMN()-COLUMN($AL$9))*2*PI()/7))))) -> 0 | AR14: =IF($A14="","",IF((COLUMN()-COLUMN($AL$9))>($B$3-1),0,MAX(0.1,1+$D$3*(0.6*(2*MOD(ABS(SIN((COLUMN()-COLUMN($AL$9)+1)*12.9898+$B$2*0.0001))*43758.5453,1)-1)+0.4*SIN(($BV14+COLUMN()-COLUMN($AL$9))*2*PI()/7))))) -> 0 | AS14: =IF($A14="","",IF((COLUMN()-COLUMN($AL$9))>($B$3-1),0,MAX(0.1,1+$D$3*(0.6*(2*MOD(ABS(SIN((COLUMN()-COLUMN($AL$9)+1)*12.9898+$B$2*0.0001))*43758.5453,1)-1)+0.4*SIN(($BV14+COLUMN()-COLUMN($AL$9))*2*PI()/7))))) -> 0 | ... BO14: =IF($A14="","",IF((COLUMN()-COLUMN($AL$9))>($B$3-1),0,MAX(0.1,1+$D$3*(0.6*(2*MOD(ABS(SIN((COLUMN()-COLUMN($AL$9)+1)*12.9898+$B$2*0.0001))*43758.5453,1)-1)+0.4*SIN(($BV14+COLUMN()-COLUMN($AL$9))*2*PI()/7))))) -> 0 | BP14: =IF($A14="","",$A14) -> VP26_32 | BQ14: =IF($A14="","",$E14) -> 372 | BR14: =IF($A14="","",$D14) -> 550 | BS14: =IF($A14="","",ROUNDDOWN(BQ14*MIN(1,$B$2/SUMPRODUCT($BQ$9:$BQ$82,$BR$9:$BR$82)),0)) -> 349 | BT14: =IF($A14="","",MIN(BQ14-BS14,MAX(0,ROUNDDOWN(($B$2-SUMPRODUCT($BS$9:$BS$82,$BR$9:$BR$82)-SUMPRODUCT($BT$9:BT13,$BR$9:BR13))/BR14,0)))) -> 2 | BU14: =IF($A14="","",BS14+BT14) -> 351 | BV14: =IF($A14="","",MOD(ROW()-5,30)) -> 9
A15: =IFERROR(__xludf.DUMMYFUNCTION("IFERROR(INDEX(FILTER(T4.2026!$A$2:$A$1000, T4.2026!$A$2:$A$1000<>""""), ROWS($A$9:A15)), """")"),"VP26_40") -> VP26_40 | B15: {=IF($A15="","",IFERROR(_xlfn.XLOOKUP($A15,'T4.2026'!$A$2:$A$1000,'T4.2026'!$B$2:$B$1000),""))} -> Coke 300ml - Coca Chai Nhí 5K | C15: {=IF($A15="","",IFERROR(_xlfn.XLOOKUP($A15,'T4.2026'!$A$2:$A$1000,'T4.2026'!$C$2:$C$1000),""))} -> Chai | D15: {=IF($A15="","",ROUND(IFERROR(_xlfn.XLOOKUP($A15,'T4.2026'!$A$2:$A$1000,'T4.2026'!$D$2:$D$1000),0),0))} -> 4285 | E15: {=IF($A15="","",IFERROR(_xlfn.XLOOKUP($A15,'T4.2026'!$A$2:$A$1000,'T4.2026'!$E$2:$E$1000),0))} -> 24 | F15: =IF($A15="","",IF(F$8=0,"",IF(SUM($AL15:$BO15)=0,0,ROUND($BU15*SUM($AL15:AL15)/SUM($AL15:$BO15),0)-0))) -> 4 | G15: =IF($A15="","",IF(G$8=0,"",IF(SUM($AL15:$BO15)=0,0,ROUND($BU15*SUM($AL15:AM15)/SUM($AL15:$BO15),0)-ROUND($BU15*SUM($AL15:AL15)/SUM($AL15:$BO15),0)))) -> 5 | H15: =IF($A15="","",IF(H$8=0,"",IF(SUM($AL15:$BO15)=0,0,ROUND($BU15*SUM($AL15:AN15)/SUM($AL15:$BO15),0)-ROUND($BU15*SUM($AL15:AM15)/SUM($AL15:$BO15),0)))) -> 4 | I15: =IF($A15="","",IF(I$8=0,"",IF(SUM($AL15:$BO15)=0,0,ROUND($BU15*SUM($AL15:AO15)/SUM($AL15:$BO15),0)-ROUND($BU15*SUM($AL15:AN15)/SUM($AL15:$BO15),0)))) -> 5 | J15: =IF($A15="","",IF(J$8=0,"",IF(SUM($AL15:$BO15)=0,0,ROUND($BU15*SUM($AL15:AP15)/SUM($AL15:$BO15),0)-ROUND($BU15*SUM($AL15:AO15)/SUM($AL15:$BO15),0)))) -> 4 | K15: =IF($A15="","",IF(K$8=0,"",IF(SUM($AL15:$BO15)=0,0,ROUND($BU15*SUM($AL15:AQ15)/SUM($AL15:$BO15),0)-ROUND($BU15*SUM($AL15:AP15)/SUM($AL15:$BO15),0)))) | L15: =IF($A15="","",IF(L$8=0,"",IF(SUM($AL15:$BO15)=0,0,ROUND($BU15*SUM($AL15:AR15)/SUM($AL15:$BO15),0)-ROUND($BU15*SUM($AL15:AQ15)/SUM($AL15:$BO15),0)))) | M15: =IF($A15="","",IF(M$8=0,"",IF(SUM($AL15:$BO15)=0,0,ROUND($BU15*SUM($AL15:AS15)/SUM($AL15:$BO15),0)-ROUND($BU15*SUM($AL15:AR15)/SUM($AL15:$BO15),0)))) | N15: =IF($A15="","",IF(N$8=0,"",IF(SUM($AL15:$BO15)=0,0,ROUND($BU15*SUM($AL15:AT15)/SUM($AL15:$BO15),0)-ROUND($BU15*SUM($AL15:AS15)/SUM($AL15:$BO15),0)))) | ... AI15: =IF($A15="","",IF(AI$8=0,"",IF(SUM($AL15:$BO15)=0,0,ROUND($BU15*SUM($AL15:BO15)/SUM($AL15:$BO15),0)-ROUND($BU15*SUM($AL15:BN15)/SUM($AL15:$BO15),0)))) | AJ15: =IF($A15="","",SUM(F15:AI15)) -> 22 | AK15: =IF($A15="","",E15-AJ15) -> 2 | AL15: =IF($A15="","",IF((COLUMN()-COLUMN($AL$9))>($B$3-1),0,MAX(0.1,1+$D$3*(0.6*(2*MOD(ABS(SIN((COLUMN()-COLUMN($AL$9)+1)*12.9898+$B$2*0.0001))*43758.5453,1)-1)+0.4*SIN(($BV15+COLUMN()-COLUMN($AL$9))*2*PI()/7))))) -> 1.0054111 | AM15: =IF($A15="","",IF((COLUMN()-COLUMN($AL$9))>($B$3-1),0,MAX(0.1,1+$D$3*(0.6*(2*MOD(ABS(SIN((COLUMN()-COLUMN($AL$9)+1)*12.9898+$B$2*0.0001))*43758.5453,1)-1)+0.4*SIN(($BV15+COLUMN()-COLUMN($AL$9))*2*PI()/7))))) -> 1.0021762 | AN15: =IF($A15="","",IF((COLUMN()-COLUMN($AL$9))>($B$3-1),0,MAX(0.1,1+$D$3*(0.6*(2*MOD(ABS(SIN((COLUMN()-COLUMN($AL$9)+1)*12.9898+$B$2*0.0001))*43758.5453,1)-1)+0.4*SIN(($BV15+COLUMN()-COLUMN($AL$9))*2*PI()/7))))) -> 0.99876159 | AO15: =IF($A15="","",IF((COLUMN()-COLUMN($AL$9))>($B$3-1),0,MAX(0.1,1+$D$3*(0.6*(2*MOD(ABS(SIN((COLUMN()-COLUMN($AL$9)+1)*12.9898+$B$2*0.0001))*43758.5453,1)-1)+0.4*SIN(($BV15+COLUMN()-COLUMN($AL$9))*2*PI()/7))))) -> 0.99598722 | AP15: =IF($A15="","",IF((COLUMN()-COLUMN($AL$9))>($B$3-1),0,MAX(0.1,1+$D$3*(0.6*(2*MOD(ABS(SIN((COLUMN()-COLUMN($AL$9)+1)*12.9898+$B$2*0.0001))*43758.5453,1)-1)+0.4*SIN(($BV15+COLUMN()-COLUMN($AL$9))*2*PI()/7))))) -> 0.99758326 | AQ15: =IF($A15="","",IF((COLUMN()-COLUMN($AL$9))>($B$3-1),0,MAX(0.1,1+$D$3*(0.6*(2*MOD(ABS(SIN((COLUMN()-COLUMN($AL$9)+1)*12.9898+$B$2*0.0001))*43758.5453,1)-1)+0.4*SIN(($BV15+COLUMN()-COLUMN($AL$9))*2*PI()/7))))) -> 0 | AR15: =IF($A15="","",IF((COLUMN()-COLUMN($AL$9))>($B$3-1),0,MAX(0.1,1+$D$3*(0.6*(2*MOD(ABS(SIN((COLUMN()-COLUMN($AL$9)+1)*12.9898+$B$2*0.0001))*43758.5453,1)-1)+0.4*SIN(($BV15+COLUMN()-COLUMN($AL$9))*2*PI()/7))))) -> 0 | AS15: =IF($A15="","",IF((COLUMN()-COLUMN($AL$9))>($B$3-1),0,MAX(0.1,1+$D$3*(0.6*(2*MOD(ABS(SIN((COLUMN()-COLUMN($AL$9)+1)*12.9898+$B$2*0.0001))*43758.5453,1)-1)+0.4*SIN(($BV15+COLUMN()-COLUMN($AL$9))*2*PI()/7))))) -> 0 | ... BO15: =IF($A15="","",IF((COLUMN()-COLUMN($AL$9))>($B$3-1),0,MAX(0.1,1+$D$3*(0.6*(2*MOD(ABS(SIN((COLUMN()-COLUMN($AL$9)+1)*12.9898+$B$2*0.0001))*43758.5453,1)-1)+0.4*SIN(($BV15+COLUMN()-COLUMN($AL$9))*2*PI()/7))))) -> 0 | BP15: =IF($A15="","",$A15) -> VP26_40 | BQ15: =IF($A15="","",$E15) -> 24 | BR15: =IF($A15="","",$D15) -> 4285 | BS15: =IF($A15="","",ROUNDDOWN(BQ15*MIN(1,$B$2/SUMPRODUCT($BQ$9:$BQ$82,$BR$9:$BR$82)),0)) -> 22 | BT15: =IF($A15="","",MIN(BQ15-BS15,MAX(0,ROUNDDOWN(($B$2-SUMPRODUCT($BS$9:$BS$82,$BR$9:$BR$82)-SUMPRODUCT($BT$9:BT14,$BR$9:BR14))/BR15,0)))) -> 0 | BU15: =IF($A15="","",BS15+BT15) -> 22 | BV15: =IF($A15="","",MOD(ROW()-5,30)) -> 10
A16: =IFERROR(__xludf.DUMMYFUNCTION("IFERROR(INDEX(FILTER(T4.2026!$A$2:$A$1000, T4.2026!$A$2:$A$1000<>""""), ROWS($A$9:A16)), """")"),"VP26_41") -> VP26_41 | B16: {=IF($A16="","",IFERROR(_xlfn.XLOOKUP($A16,'T4.2026'!$A$2:$A$1000,'T4.2026'!$B$2:$B$1000),""))} -> Đậu phộng Oishi 1K (20 dây/T) | C16: {=IF($A16="","",IFERROR(_xlfn.XLOOKUP($A16,'T4.2026'!$A$2:$A$1000,'T4.2026'!$C$2:$C$1000),""))} -> Dây | D16: {=IF($A16="","",ROUND(IFERROR(_xlfn.XLOOKUP($A16,'T4.2026'!$A$2:$A$1000,'T4.2026'!$D$2:$D$1000),0),0))} -> 7637 | E16: {=IF($A16="","",IFERROR(_xlfn.XLOOKUP($A16,'T4.2026'!$A$2:$A$1000,'T4.2026'!$E$2:$E$1000),0))} -> 20 | F16: =IF($A16="","",IF(F$8=0,"",IF(SUM($AL16:$BO16)=0,0,ROUND($BU16*SUM($AL16:AL16)/SUM($AL16:$BO16),0)-0))) -> 4 | G16: =IF($A16="","",IF(G$8=0,"",IF(SUM($AL16:$BO16)=0,0,ROUND($BU16*SUM($AL16:AM16)/SUM($AL16:$BO16),0)-ROUND($BU16*SUM($AL16:AL16)/SUM($AL16:$BO16),0)))) -> 3 | H16: =IF($A16="","",IF(H$8=0,"",IF(SUM($AL16:$BO16)=0,0,ROUND($BU16*SUM($AL16:AN16)/SUM($AL16:$BO16),0)-ROUND($BU16*SUM($AL16:AM16)/SUM($AL16:$BO16),0)))) -> 4 | I16: =IF($A16="","",IF(I$8=0,"",IF(SUM($AL16:$BO16)=0,0,ROUND($BU16*SUM($AL16:AO16)/SUM($AL16:$BO16),0)-ROUND($BU16*SUM($AL16:AN16)/SUM($AL16:$BO16),0)))) -> 3 | J16: =IF($A16="","",IF(J$8=0,"",IF(SUM($AL16:$BO16)=0,0,ROUND($BU16*SUM($AL16:AP16)/SUM($AL16:$BO16),0)-ROUND($BU16*SUM($AL16:AO16)/SUM($AL16:$BO16),0)))) -> 4 | K16: =IF($A16="","",IF(K$8=0,"",IF(SUM($AL16:$BO16)=0,0,ROUND($BU16*SUM($AL16:AQ16)/SUM($AL16:$BO16),0)-ROUND($BU16*SUM($AL16:AP16)/SUM($AL16:$BO16),0)))) | L16: =IF($A16="","",IF(L$8=0,"",IF(SUM($AL16:$BO16)=0,0,ROUND($BU16*SUM($AL16:AR16)/SUM($AL16:$BO16),0)-ROUND($BU16*SUM($AL16:AQ16)/SUM($AL16:$BO16),0)))) | M16: =IF($A16="","",IF(M$8=0,"",IF(SUM($AL16:$BO16)=0,0,ROUND($BU16*SUM($AL16:AS16)/SUM($AL16:$BO16),0)-ROUND($BU16*SUM($AL16:AR16)/SUM($AL16:$BO16),0)))) | N16: =IF($A16="","",IF(N$8=0,"",IF(SUM($AL16:$BO16)=0,0,ROUND($BU16*SUM($AL16:AT16)/SUM($AL16:$BO16),0)-ROUND($BU16*SUM($AL16:AS16)/SUM($AL16:$BO16),0)))) | ... AI16: =IF($A16="","",IF(AI$8=0,"",IF(SUM($AL16:$BO16)=0,0,ROUND($BU16*SUM($AL16:BO16)/SUM($AL16:$BO16),0)-ROUND($BU16*SUM($AL16:BN16)/SUM($AL16:$BO16),0)))) | AJ16: =IF($A16="","",SUM(F16:AI16)) -> 18 | AK16: =IF($A16="","",E16-AJ16) -> 2 | AL16: =IF($A16="","",IF((COLUMN()-COLUMN($AL$9))>($B$3-1),0,MAX(0.1,1+$D$3*(0.6*(2*MOD(ABS(SIN((COLUMN()-COLUMN($AL$9)+1)*12.9898+$B$2*0.0001))*43758.5453,1)-1)+0.4*SIN(($BV16+COLUMN()-COLUMN($AL$9))*2*PI()/7))))) -> 1.0019401 | AM16: =IF($A16="","",IF((COLUMN()-COLUMN($AL$9))>($B$3-1),0,MAX(0.1,1+$D$3*(0.6*(2*MOD(ABS(SIN((COLUMN()-COLUMN($AL$9)+1)*12.9898+$B$2*0.0001))*43758.5453,1)-1)+0.4*SIN(($BV16+COLUMN()-COLUMN($AL$9))*2*PI()/7))))) -> 1.0000121 | AN16: =IF($A16="","",IF((COLUMN()-COLUMN($AL$9))>($B$3-1),0,MAX(0.1,1+$D$3*(0.6*(2*MOD(ABS(SIN((COLUMN()-COLUMN($AL$9)+1)*12.9898+$B$2*0.0001))*43758.5453,1)-1)+0.4*SIN(($BV16+COLUMN()-COLUMN($AL$9))*2*PI()/7))))) -> 0.99953397 | AO16: =IF($A16="","",IF((COLUMN()-COLUMN($AL$9))>($B$3-1),0,MAX(0.1,1+$D$3*(0.6*(2*MOD(ABS(SIN((COLUMN()-COLUMN($AL$9)+1)*12.9898+$B$2*0.0001))*43758.5453,1)-1)+0.4*SIN(($BV16+COLUMN()-COLUMN($AL$9))*2*PI()/7))))) -> 0.99911455 | AP16: =IF($A16="","",IF((COLUMN()-COLUMN($AL$9))>($B$3-1),0,MAX(0.1,1+$D$3*(0.6*(2*MOD(ABS(SIN((COLUMN()-COLUMN($AL$9)+1)*12.9898+$B$2*0.0001))*43758.5453,1)-1)+0.4*SIN(($BV16+COLUMN()-COLUMN($AL$9))*2*PI()/7))))) -> 1.0007106 | AQ16: =IF($A16="","",IF((COLUMN()-COLUMN($AL$9))>($B$3-1),0,MAX(0.1,1+$D$3*(0.6*(2*MOD(ABS(SIN((COLUMN()-COLUMN($AL$9)+1)*12.9898+$B$2*0.0001))*43758.5453,1)-1)+0.4*SIN(($BV16+COLUMN()-COLUMN($AL$9))*2*PI()/7))))) -> 0 | AR16: =IF($A16="","",IF((COLUMN()-COLUMN($AL$9))>($B$3-1),0,MAX(0.1,1+$D$3*(0.6*(2*MOD(ABS(SIN((COLUMN()-COLUMN($AL$9)+1)*12.9898+$B$2*0.0001))*43758.5453,1)-1)+0.4*SIN(($BV16+COLUMN()-COLUMN($AL$9))*2*PI()/7))))) -> 0 | AS16: =IF($A16="","",IF((COLUMN()-COLUMN($AL$9))>($B$3-1),0,MAX(0.1,1+$D$3*(0.6*(2*MOD(ABS(SIN((COLUMN()-COLUMN($AL$9)+1)*12.9898+$B$2*0.0001))*43758.5453,1)-1)+0.4*SIN(($BV16+COLUMN()-COLUMN($AL$9))*2*PI()/7))))) -> 0 | ... BO16: =IF($A16="","",IF((COLUMN()-COLUMN($AL$9))>($B$3-1),0,MAX(0.1,1+$D$3*(0.6*(2*MOD(ABS(SIN((COLUMN()-COLUMN($AL$9)+1)*12.9898+$B$2*0.0001))*43758.5453,1)-1)+0.4*SIN(($BV16+COLUMN()-COLUMN($AL$9))*2*PI()/7))))) -> 0 | BP16: =IF($A16="","",$A16) -> VP26_41 | BQ16: =IF($A16="","",$E16) -> 20 | BR16: =IF($A16="","",$D16) -> 7637 | BS16: =IF($A16="","",ROUNDDOWN(BQ16*MIN(1,$B$2/SUMPRODUCT($BQ$9:$BQ$82,$BR$9:$BR$82)),0)) -> 18 | BT16: =IF($A16="","",MIN(BQ16-BS16,MAX(0,ROUNDDOWN(($B$2-SUMPRODUCT($BS$9:$BS$82,$BR$9:$BR$82)-SUMPRODUCT($BT$9:BT15,$BR$9:BR15))/BR16,0)))) -> 0 | BU16: =IF($A16="","",BS16+BT16) -> 18 | BV16: =IF($A16="","",MOD(ROW()-5,30)) -> 11
A17: =IFERROR(__xludf.DUMMYFUNCTION("IFERROR(INDEX(FILTER(T4.2026!$A$2:$A$1000, T4.2026!$A$2:$A$1000<>""""), ROWS($A$9:A17)), """")"),"VP26_43") -> VP26_43 | B17: {=IF($A17="","",IFERROR(_xlfn.XLOOKUP($A17,'T4.2026'!$A$2:$A$1000,'T4.2026'!$B$2:$B$1000),""))} -> Thạch SUSO Cây Dài (24 cái) | C17: {=IF($A17="","",IFERROR(_xlfn.XLOOKUP($A17,'T4.2026'!$A$2:$A$1000,'T4.2026'!$C$2:$C$1000),""))} -> Cái | D17: {=IF($A17="","",ROUND(IFERROR(_xlfn.XLOOKUP($A17,'T4.2026'!$A$2:$A$1000,'T4.2026'!$D$2:$D$1000),0),0))} -> 1375 | E17: {=IF($A17="","",IFERROR(_xlfn.XLOOKUP($A17,'T4.2026'!$A$2:$A$1000,'T4.2026'!$E$2:$E$1000),0))} -> 432 | F17: =IF($A17="","",IF(F$8=0,"",IF(SUM($AL17:$BO17)=0,0,ROUND($BU17*SUM($AL17:AL17)/SUM($AL17:$BO17),0)-0))) -> 81 | G17: =IF($A17="","",IF(G$8=0,"",IF(SUM($AL17:$BO17)=0,0,ROUND($BU17*SUM($AL17:AM17)/SUM($AL17:$BO17),0)-ROUND($BU17*SUM($AL17:AL17)/SUM($AL17:$BO17),0)))) -> 81 | H17: =IF($A17="","",IF(H$8=0,"",IF(SUM($AL17:$BO17)=0,0,ROUND($BU17*SUM($AL17:AN17)/SUM($AL17:$BO17),0)-ROUND($BU17*SUM($AL17:AM17)/SUM($AL17:$BO17),0)))) -> 82 | I17: =IF($A17="","",IF(I$8=0,"",IF(SUM($AL17:$BO17)=0,0,ROUND($BU17*SUM($AL17:AO17)/SUM($AL17:$BO17),0)-ROUND($BU17*SUM($AL17:AN17)/SUM($AL17:$BO17),0)))) -> 81 | J17: =IF($A17="","",IF(J$8=0,"",IF(SUM($AL17:$BO17)=0,0,ROUND($BU17*SUM($AL17:AP17)/SUM($AL17:$BO17),0)-ROUND($BU17*SUM($AL17:AO17)/SUM($AL17:$BO17),0)))) -> 81 | K17: =IF($A17="","",IF(K$8=0,"",IF(SUM($AL17:$BO17)=0,0,ROUND($BU17*SUM($AL17:AQ17)/SUM($AL17:$BO17),0)-ROUND($BU17*SUM($AL17:AP17)/SUM($AL17:$BO17),0)))) | L17: =IF($A17="","",IF(L$8=0,"",IF(SUM($AL17:$BO17)=0,0,ROUND($BU17*SUM($AL17:AR17)/SUM($AL17:$BO17),0)-ROUND($BU17*SUM($AL17:AQ17)/SUM($AL17:$BO17),0)))) | M17: =IF($A17="","",IF(M$8=0,"",IF(SUM($AL17:$BO17)=0,0,ROUND($BU17*SUM($AL17:AS17)/SUM($AL17:$BO17),0)-ROUND($BU17*SUM($AL17:AR17)/SUM($AL17:$BO17),0)))) | N17: =IF($A17="","",IF(N$8=0,"",IF(SUM($AL17:$BO17)=0,0,ROUND($BU17*SUM($AL17:AT17)/SUM($AL17:$BO17),0)-ROUND($BU17*SUM($AL17:AS17)/SUM($AL17:$BO17),0)))) | ... AI17: =IF($A17="","",IF(AI$8=0,"",IF(SUM($AL17:$BO17)=0,0,ROUND($BU17*SUM($AL17:BO17)/SUM($AL17:$BO17),0)-ROUND($BU17*SUM($AL17:BN17)/SUM($AL17:$BO17),0)))) | AJ17: =IF($A17="","",SUM(F17:AI17)) -> 406 | AK17: =IF($A17="","",E17-AJ17) -> 26 | AL17: =IF($A17="","",IF((COLUMN()-COLUMN($AL$9))>($B$3-1),0,MAX(0.1,1+$D$3*(0.6*(2*MOD(ABS(SIN((COLUMN()-COLUMN($AL$9)+1)*12.9898+$B$2*0.0001))*43758.5453,1)-1)+0.4*SIN(($BV17+COLUMN()-COLUMN($AL$9))*2*PI()/7))))) -> 0.99977589 | AM17: =IF($A17="","",IF((COLUMN()-COLUMN($AL$9))>($B$3-1),0,MAX(0.1,1+$D$3*(0.6*(2*MOD(ABS(SIN((COLUMN()-COLUMN($AL$9)+1)*12.9898+$B$2*0.0001))*43758.5453,1)-1)+0.4*SIN(($BV17+COLUMN()-COLUMN($AL$9))*2*PI()/7))))) -> 1.0007845 | AN17: =IF($A17="","",IF((COLUMN()-COLUMN($AL$9))>($B$3-1),0,MAX(0.1,1+$D$3*(0.6*(2*MOD(ABS(SIN((COLUMN()-COLUMN($AL$9)+1)*12.9898+$B$2*0.0001))*43758.5453,1)-1)+0.4*SIN(($BV17+COLUMN()-COLUMN($AL$9))*2*PI()/7))))) -> 1.0026613 | AO17: =IF($A17="","",IF((COLUMN()-COLUMN($AL$9))>($B$3-1),0,MAX(0.1,1+$D$3*(0.6*(2*MOD(ABS(SIN((COLUMN()-COLUMN($AL$9)+1)*12.9898+$B$2*0.0001))*43758.5453,1)-1)+0.4*SIN(($BV17+COLUMN()-COLUMN($AL$9))*2*PI()/7))))) -> 1.0022419 | AP17: =IF($A17="","",IF((COLUMN()-COLUMN($AL$9))>($B$3-1),0,MAX(0.1,1+$D$3*(0.6*(2*MOD(ABS(SIN((COLUMN()-COLUMN($AL$9)+1)*12.9898+$B$2*0.0001))*43758.5453,1)-1)+0.4*SIN(($BV17+COLUMN()-COLUMN($AL$9))*2*PI()/7))))) -> 1.001483 | AQ17: =IF($A17="","",IF((COLUMN()-COLUMN($AL$9))>($B$3-1),0,MAX(0.1,1+$D$3*(0.6*(2*MOD(ABS(SIN((COLUMN()-COLUMN($AL$9)+1)*12.9898+$B$2*0.0001))*43758.5453,1)-1)+0.4*SIN(($BV17+COLUMN()-COLUMN($AL$9))*2*PI()/7))))) -> 0 | AR17: =IF($A17="","",IF((COLUMN()-COLUMN($AL$9))>($B$3-1),0,MAX(0.1,1+$D$3*(0.6*(2*MOD(ABS(SIN((COLUMN()-COLUMN($AL$9)+1)*12.9898+$B$2*0.0001))*43758.5453,1)-1)+0.4*SIN(($BV17+COLUMN()-COLUMN($AL$9))*2*PI()/7))))) -> 0 | AS17: =IF($A17="","",IF((COLUMN()-COLUMN($AL$9))>($B$3-1),0,MAX(0.1,1+$D$3*(0.6*(2*MOD(ABS(SIN((COLUMN()-COLUMN($AL$9)+1)*12.9898+$B$2*0.0001))*43758.5453,1)-1)+0.4*SIN(($BV17+COLUMN()-COLUMN($AL$9))*2*PI()/7))))) -> 0 | ... BO17: =IF($A17="","",IF((COLUMN()-COLUMN($AL$9))>($B$3-1),0,MAX(0.1,1+$D$3*(0.6*(2*MOD(ABS(SIN((COLUMN()-COLUMN($AL$9)+1)*12.9898+$B$2*0.0001))*43758.5453,1)-1)+0.4*SIN(($BV17+COLUMN()-COLUMN($AL$9))*2*PI()/7))))) -> 0 | BP17: =IF($A17="","",$A17) -> VP26_43 | BQ17: =IF($A17="","",$E17) -> 432 | BR17: =IF($A17="","",$D17) -> 1375 | BS17: =IF($A17="","",ROUNDDOWN(BQ17*MIN(1,$B$2/SUMPRODUCT($BQ$9:$BQ$82,$BR$9:$BR$82)),0)) -> 406 | BT17: =IF($A17="","",MIN(BQ17-BS17,MAX(0,ROUNDDOWN(($B$2-SUMPRODUCT($BS$9:$BS$82,$BR$9:$BR$82)-SUMPRODUCT($BT$9:BT16,$BR$9:BR16))/BR17,0)))) -> 0 | BU17: =IF($A17="","",BS17+BT17) -> 406 | BV17: =IF($A17="","",MOD(ROW()-5,30)) -> 12
A18: =IFERROR(__xludf.DUMMYFUNCTION("IFERROR(INDEX(FILTER(T4.2026!$A$2:$A$1000, T4.2026!$A$2:$A$1000<>""""), ROWS($A$9:A18)), """")"),"VP26_45") -> VP26_45 | B18: {=IF($A18="","",IFERROR(_xlfn.XLOOKUP($A18,'T4.2026'!$A$2:$A$1000,'T4.2026'!$B$2:$B$1000),""))} -> Mì Vàng Enaak 30g (24 gói/Hộp) | C18: {=IF($A18="","",IFERROR(_xlfn.XLOOKUP($A18,'T4.2026'!$A$2:$A$1000,'T4.2026'!$C$2:$C$1000),""))} -> Gói | D18: {=IF($A18="","",ROUND(IFERROR(_xlfn.XLOOKUP($A18,'T4.2026'!$A$2:$A$1000,'T4.2026'!$D$2:$D$1000),0),0))} -> 5500 | E18: {=IF($A18="","",IFERROR(_xlfn.XLOOKUP($A18,'T4.2026'!$A$2:$A$1000,'T4.2026'!$E$2:$E$1000),0))} -> 144 | F18: =IF($A18="","",IF(F$8=0,"",IF(SUM($AL18:$BO18)=0,0,ROUND($BU18*SUM($AL18:AL18)/SUM($AL18:$BO18),0)-0))) -> 27 | G18: =IF($A18="","",IF(G$8=0,"",IF(SUM($AL18:$BO18)=0,0,ROUND($BU18*SUM($AL18:AM18)/SUM($AL18:$BO18),0)-ROUND($BU18*SUM($AL18:AL18)/SUM($AL18:$BO18),0)))) -> 27 | H18: =IF($A18="","",IF(H$8=0,"",IF(SUM($AL18:$BO18)=0,0,ROUND($BU18*SUM($AL18:AN18)/SUM($AL18:$BO18),0)-ROUND($BU18*SUM($AL18:AM18)/SUM($AL18:$BO18),0)))) -> 27 | I18: =IF($A18="","",IF(I$8=0,"",IF(SUM($AL18:$BO18)=0,0,ROUND($BU18*SUM($AL18:AO18)/SUM($AL18:$BO18),0)-ROUND($BU18*SUM($AL18:AN18)/SUM($AL18:$BO18),0)))) -> 27 | J18: =IF($A18="","",IF(J$8=0,"",IF(SUM($AL18:$BO18)=0,0,ROUND($BU18*SUM($AL18:AP18)/SUM($AL18:$BO18),0)-ROUND($BU18*SUM($AL18:AO18)/SUM($AL18:$BO18),0)))) -> 27 | K18: =IF($A18="","",IF(K$8=0,"",IF(SUM($AL18:$BO18)=0,0,ROUND($BU18*SUM($AL18:AQ18)/SUM($AL18:$BO18),0)-ROUND($BU18*SUM($AL18:AP18)/SUM($AL18:$BO18),0)))) | L18: =IF($A18="","",IF(L$8=0,"",IF(SUM($AL18:$BO18)=0,0,ROUND($BU18*SUM($AL18:AR18)/SUM($AL18:$BO18),0)-ROUND($BU18*SUM($AL18:AQ18)/SUM($AL18:$BO18),0)))) | M18: =IF($A18="","",IF(M$8=0,"",IF(SUM($AL18:$BO18)=0,0,ROUND($BU18*SUM($AL18:AS18)/SUM($AL18:$BO18),0)-ROUND($BU18*SUM($AL18:AR18)/SUM($AL18:$BO18),0)))) | N18: =IF($A18="","",IF(N$8=0,"",IF(SUM($AL18:$BO18)=0,0,ROUND($BU18*SUM($AL18:AT18)/SUM($AL18:$BO18),0)-ROUND($BU18*SUM($AL18:AS18)/SUM($AL18:$BO18),0)))) | ... AI18: =IF($A18="","",IF(AI$8=0,"",IF(SUM($AL18:$BO18)=0,0,ROUND($BU18*SUM($AL18:BO18)/SUM($AL18:$BO18),0)-ROUND($BU18*SUM($AL18:BN18)/SUM($AL18:$BO18),0)))) | AJ18: =IF($A18="","",SUM(F18:AI18)) -> 135 | AK18: =IF($A18="","",E18-AJ18) -> 9 | AL18: =IF($A18="","",IF((COLUMN()-COLUMN($AL$9))>($B$3-1),0,MAX(0.1,1+$D$3*(0.6*(2*MOD(ABS(SIN((COLUMN()-COLUMN($AL$9)+1)*12.9898+$B$2*0.0001))*43758.5453,1)-1)+0.4*SIN(($BV18+COLUMN()-COLUMN($AL$9))*2*PI()/7))))) -> 1.0005483 | AM18: =IF($A18="","",IF((COLUMN()-COLUMN($AL$9))>($B$3-1),0,MAX(0.1,1+$D$3*(0.6*(2*MOD(ABS(SIN((COLUMN()-COLUMN($AL$9)+1)*12.9898+$B$2*0.0001))*43758.5453,1)-1)+0.4*SIN(($BV18+COLUMN()-COLUMN($AL$9))*2*PI()/7))))) -> 1.0039118 | AN18: =IF($A18="","",IF((COLUMN()-COLUMN($AL$9))>($B$3-1),0,MAX(0.1,1+$D$3*(0.6*(2*MOD(ABS(SIN((COLUMN()-COLUMN($AL$9)+1)*12.9898+$B$2*0.0001))*43758.5453,1)-1)+0.4*SIN(($BV18+COLUMN()-COLUMN($AL$9))*2*PI()/7))))) -> 1.0057886 | AO18: =IF($A18="","",IF((COLUMN()-COLUMN($AL$9))>($B$3-1),0,MAX(0.1,1+$D$3*(0.6*(2*MOD(ABS(SIN((COLUMN()-COLUMN($AL$9)+1)*12.9898+$B$2*0.0001))*43758.5453,1)-1)+0.4*SIN(($BV18+COLUMN()-COLUMN($AL$9))*2*PI()/7))))) -> 1.0030143 | AP18: =IF($A18="","",IF((COLUMN()-COLUMN($AL$9))>($B$3-1),0,MAX(0.1,1+$D$3*(0.6*(2*MOD(ABS(SIN((COLUMN()-COLUMN($AL$9)+1)*12.9898+$B$2*0.0001))*43758.5453,1)-1)+0.4*SIN(($BV18+COLUMN()-COLUMN($AL$9))*2*PI()/7))))) -> 0.9993188 | AQ18: =IF($A18="","",IF((COLUMN()-COLUMN($AL$9))>($B$3-1),0,MAX(0.1,1+$D$3*(0.6*(2*MOD(ABS(SIN((COLUMN()-COLUMN($AL$9)+1)*12.9898+$B$2*0.0001))*43758.5453,1)-1)+0.4*SIN(($BV18+COLUMN()-COLUMN($AL$9))*2*PI()/7))))) -> 0 | AR18: =IF($A18="","",IF((COLUMN()-COLUMN($AL$9))>($B$3-1),0,MAX(0.1,1+$D$3*(0.6*(2*MOD(ABS(SIN((COLUMN()-COLUMN($AL$9)+1)*12.9898+$B$2*0.0001))*43758.5453,1)-1)+0.4*SIN(($BV18+COLUMN()-COLUMN($AL$9))*2*PI()/7))))) -> 0 | AS18: =IF($A18="","",IF((COLUMN()-COLUMN($AL$9))>($B$3-1),0,MAX(0.1,1+$D$3*(0.6*(2*MOD(ABS(SIN((COLUMN()-COLUMN($AL$9)+1)*12.9898+$B$2*0.0001))*43758.5453,1)-1)+0.4*SIN(($BV18+COLUMN()-COLUMN($AL$9))*2*PI()/7))))) -> 0 | ... BO18: =IF($A18="","",IF((COLUMN()-COLUMN($AL$9))>($B$3-1),0,MAX(0.1,1+$D$3*(0.6*(2*MOD(ABS(SIN((COLUMN()-COLUMN($AL$9)+1)*12.9898+$B$2*0.0001))*43758.5453,1)-1)+0.4*SIN(($BV18+COLUMN()-COLUMN($AL$9))*2*PI()/7))))) -> 0 | BP18: =IF($A18="","",$A18) -> VP26_45 | BQ18: =IF($A18="","",$E18) -> 144 | BR18: =IF($A18="","",$D18) -> 5500 | BS18: =IF($A18="","",ROUNDDOWN(BQ18*MIN(1,$B$2/SUMPRODUCT($BQ$9:$BQ$82,$BR$9:$BR$82)),0)) -> 135 | BT18: =IF($A18="","",MIN(BQ18-BS18,MAX(0,ROUNDDOWN(($B$2-SUMPRODUCT($BS$9:$BS$82,$BR$9:$BR$82)-SUMPRODUCT($BT$9:BT17,$BR$9:BR17))/BR18,0)))) -> 0 | BU18: =IF($A18="","",BS18+BT18) -> 135 | BV18: =IF($A18="","",MOD(ROW()-5,30)) -> 13
A19: =IFERROR(__xludf.DUMMYFUNCTION("IFERROR(INDEX(FILTER(T4.2026!$A$2:$A$1000, T4.2026!$A$2:$A$1000<>""""), ROWS($A$9:A19)), """")"),"VP26_46") -> VP26_46 | B19: {=IF($A19="","",IFERROR(_xlfn.XLOOKUP($A19,'T4.2026'!$A$2:$A$1000,'T4.2026'!$B$2:$B$1000),""))} -> Nước ÉP THẠCH Suso (48 ly) | C19: {=IF($A19="","",IFERROR(_xlfn.XLOOKUP($A19,'T4.2026'!$A$2:$A$1000,'T4.2026'!$C$2:$C$1000),""))} -> Ly | D19: {=IF($A19="","",ROUND(IFERROR(_xlfn.XLOOKUP($A19,'T4.2026'!$A$2:$A$1000,'T4.2026'!$D$2:$D$1000),0),0))} -> 3942 | E19: {=IF($A19="","",IFERROR(_xlfn.XLOOKUP($A19,'T4.2026'!$A$2:$A$1000,'T4.2026'!$E$2:$E$1000),0))} -> 480 | F19: =IF($A19="","",IF(F$8=0,"",IF(SUM($AL19:$BO19)=0,0,ROUND($BU19*SUM($AL19:AL19)/SUM($AL19:$BO19),0)-0))) -> 90 | G19: =IF($A19="","",IF(G$8=0,"",IF(SUM($AL19:$BO19)=0,0,ROUND($BU19*SUM($AL19:AM19)/SUM($AL19:$BO19),0)-ROUND($BU19*SUM($AL19:AL19)/SUM($AL19:$BO19),0)))) -> 91 | H19: =IF($A19="","",IF(H$8=0,"",IF(SUM($AL19:$BO19)=0,0,ROUND($BU19*SUM($AL19:AN19)/SUM($AL19:$BO19),0)-ROUND($BU19*SUM($AL19:AM19)/SUM($AL19:$BO19),0)))) -> 90 | I19: =IF($A19="","",IF(I$8=0,"",IF(SUM($AL19:$BO19)=0,0,ROUND($BU19*SUM($AL19:AO19)/SUM($AL19:$BO19),0)-ROUND($BU19*SUM($AL19:AN19)/SUM($AL19:$BO19),0)))) -> 90 | J19: =IF($A19="","",IF(J$8=0,"",IF(SUM($AL19:$BO19)=0,0,ROUND($BU19*SUM($AL19:AP19)/SUM($AL19:$BO19),0)-ROUND($BU19*SUM($AL19:AO19)/SUM($AL19:$BO19),0)))) -> 90 | K19: =IF($A19="","",IF(K$8=0,"",IF(SUM($AL19:$BO19)=0,0,ROUND($BU19*SUM($AL19:AQ19)/SUM($AL19:$BO19),0)-ROUND($BU19*SUM($AL19:AP19)/SUM($AL19:$BO19),0)))) | L19: =IF($A19="","",IF(L$8=0,"",IF(SUM($AL19:$BO19)=0,0,ROUND($BU19*SUM($AL19:AR19)/SUM($AL19:$BO19),0)-ROUND($BU19*SUM($AL19:AQ19)/SUM($AL19:$BO19),0)))) | M19: =IF($A19="","",IF(M$8=0,"",IF(SUM($AL19:$BO19)=0,0,ROUND($BU19*SUM($AL19:AS19)/SUM($AL19:$BO19),0)-ROUND($BU19*SUM($AL19:AR19)/SUM($AL19:$BO19),0)))) | N19: =IF($A19="","",IF(N$8=0,"",IF(SUM($AL19:$BO19)=0,0,ROUND($BU19*SUM($AL19:AT19)/SUM($AL19:$BO19),0)-ROUND($BU19*SUM($AL19:AS19)/SUM($AL19:$BO19),0)))) | ... AI19: =IF($A19="","",IF(AI$8=0,"",IF(SUM($AL19:$BO19)=0,0,ROUND($BU19*SUM($AL19:BO19)/SUM($AL19:$BO19),0)-ROUND($BU19*SUM($AL19:BN19)/SUM($AL19:$BO19),0)))) | AJ19: =IF($A19="","",SUM(F19:AI19)) -> 451 | AK19: =IF($A19="","",E19-AJ19) -> 29 | AL19: =IF($A19="","",IF((COLUMN()-COLUMN($AL$9))>($B$3-1),0,MAX(0.1,1+$D$3*(0.6*(2*MOD(ABS(SIN((COLUMN()-COLUMN($AL$9)+1)*12.9898+$B$2*0.0001))*43758.5453,1)-1)+0.4*SIN(($BV19+COLUMN()-COLUMN($AL$9))*2*PI()/7))))) -> 1.0036756 | AM19: =IF($A19="","",IF((COLUMN()-COLUMN($AL$9))>($B$3-1),0,MAX(0.1,1+$D$3*(0.6*(2*MOD(ABS(SIN((COLUMN()-COLUMN($AL$9)+1)*12.9898+$B$2*0.0001))*43758.5453,1)-1)+0.4*SIN(($BV19+COLUMN()-COLUMN($AL$9))*2*PI()/7))))) -> 1.0070391 | AN19: =IF($A19="","",IF((COLUMN()-COLUMN($AL$9))>($B$3-1),0,MAX(0.1,1+$D$3*(0.6*(2*MOD(ABS(SIN((COLUMN()-COLUMN($AL$9)+1)*12.9898+$B$2*0.0001))*43758.5453,1)-1)+0.4*SIN(($BV19+COLUMN()-COLUMN($AL$9))*2*PI()/7))))) -> 1.006561 | AO19: =IF($A19="","",IF((COLUMN()-COLUMN($AL$9))>($B$3-1),0,MAX(0.1,1+$D$3*(0.6*(2*MOD(ABS(SIN((COLUMN()-COLUMN($AL$9)+1)*12.9898+$B$2*0.0001))*43758.5453,1)-1)+0.4*SIN(($BV19+COLUMN()-COLUMN($AL$9))*2*PI()/7))))) -> 1.0008501 | AP19: =IF($A19="","",IF((COLUMN()-COLUMN($AL$9))>($B$3-1),0,MAX(0.1,1+$D$3*(0.6*(2*MOD(ABS(SIN((COLUMN()-COLUMN($AL$9)+1)*12.9898+$B$2*0.0001))*43758.5453,1)-1)+0.4*SIN(($BV19+COLUMN()-COLUMN($AL$9))*2*PI()/7))))) -> 0.99584773 | AQ19: =IF($A19="","",IF((COLUMN()-COLUMN($AL$9))>($B$3-1),0,MAX(0.1,1+$D$3*(0.6*(2*MOD(ABS(SIN((COLUMN()-COLUMN($AL$9)+1)*12.9898+$B$2*0.0001))*43758.5453,1)-1)+0.4*SIN(($BV19+COLUMN()-COLUMN($AL$9))*2*PI()/7))))) -> 0 | AR19: =IF($A19="","",IF((COLUMN()-COLUMN($AL$9))>($B$3-1),0,MAX(0.1,1+$D$3*(0.6*(2*MOD(ABS(SIN((COLUMN()-COLUMN($AL$9)+1)*12.9898+$B$2*0.0001))*43758.5453,1)-1)+0.4*SIN(($BV19+COLUMN()-COLUMN($AL$9))*2*PI()/7))))) -> 0 | AS19: =IF($A19="","",IF((COLUMN()-COLUMN($AL$9))>($B$3-1),0,MAX(0.1,1+$D$3*(0.6*(2*MOD(ABS(SIN((COLUMN()-COLUMN($AL$9)+1)*12.9898+$B$2*0.0001))*43758.5453,1)-1)+0.4*SIN(($BV19+COLUMN()-COLUMN($AL$9))*2*PI()/7))))) -> 0 | ... BO19: =IF($A19="","",IF((COLUMN()-COLUMN($AL$9))>($B$3-1),0,MAX(0.1,1+$D$3*(0.6*(2*MOD(ABS(SIN((COLUMN()-COLUMN($AL$9)+1)*12.9898+$B$2*0.0001))*43758.5453,1)-1)+0.4*SIN(($BV19+COLUMN()-COLUMN($AL$9))*2*PI()/7))))) -> 0 | BP19: =IF($A19="","",$A19) -> VP26_46 | BQ19: =IF($A19="","",$E19) -> 480 | BR19: =IF($A19="","",$D19) -> 3942 | BS19: =IF($A19="","",ROUNDDOWN(BQ19*MIN(1,$B$2/SUMPRODUCT($BQ$9:$BQ$82,$BR$9:$BR$82)),0)) -> 451 | BT19: =IF($A19="","",MIN(BQ19-BS19,MAX(0,ROUNDDOWN(($B$2-SUMPRODUCT($BS$9:$BS$82,$BR$9:$BR$82)-SUMPRODUCT($BT$9:BT18,$BR$9:BR18))/BR19,0)))) -> 0 | BU19: =IF($A19="","",BS19+BT19) -> 451 | BV19: =IF($A19="","",MOD(ROW()-5,30)) -> 14
A20: =IFERROR(__xludf.DUMMYFUNCTION("IFERROR(INDEX(FILTER(T4.2026!$A$2:$A$1000, T4.2026!$A$2:$A$1000<>""""), ROWS($A$9:A20)), """")"),"VP26_47") -> VP26_47 | B20: {=IF($A20="","",IFERROR(_xlfn.XLOOKUP($A20,'T4.2026'!$A$2:$A$1000,'T4.2026'!$B$2:$B$1000),""))} -> Kẹo Cao Su Dinos 500g (69 viên) | C20: {=IF($A20="","",IFERROR(_xlfn.XLOOKUP($A20,'T4.2026'!$A$2:$A$1000,'T4.2026'!$C$2:$C$1000),""))} -> Viên | D20: {=IF($A20="","",ROUND(IFERROR(_xlfn.XLOOKUP($A20,'T4.2026'!$A$2:$A$1000,'T4.2026'!$D$2:$D$1000),0),0))} -> 829 | E20: {=IF($A20="","",IFERROR(_xlfn.XLOOKUP($A20,'T4.2026'!$A$2:$A$1000,'T4.2026'!$E$2:$E$1000),0))} -> 759 | F20: =IF($A20="","",IF(F$8=0,"",IF(SUM($AL20:$BO20)=0,0,ROUND($BU20*SUM($AL20:AL20)/SUM($AL20:$BO20),0)-0))) -> 143 | G20: =IF($A20="","",IF(G$8=0,"",IF(SUM($AL20:$BO20)=0,0,ROUND($BU20*SUM($AL20:AM20)/SUM($AL20:$BO20),0)-ROUND($BU20*SUM($AL20:AL20)/SUM($AL20:$BO20),0)))) -> 144 | H20: =IF($A20="","",IF(H$8=0,"",IF(SUM($AL20:$BO20)=0,0,ROUND($BU20*SUM($AL20:AN20)/SUM($AL20:$BO20),0)-ROUND($BU20*SUM($AL20:AM20)/SUM($AL20:$BO20),0)))) -> 143 | I20: =IF($A20="","",IF(I$8=0,"",IF(SUM($AL20:$BO20)=0,0,ROUND($BU20*SUM($AL20:AO20)/SUM($AL20:$BO20),0)-ROUND($BU20*SUM($AL20:AN20)/SUM($AL20:$BO20),0)))) -> 142 | J20: =IF($A20="","",IF(J$8=0,"",IF(SUM($AL20:$BO20)=0,0,ROUND($BU20*SUM($AL20:AP20)/SUM($AL20:$BO20),0)-ROUND($BU20*SUM($AL20:AO20)/SUM($AL20:$BO20),0)))) -> 141 | K20: =IF($A20="","",IF(K$8=0,"",IF(SUM($AL20:$BO20)=0,0,ROUND($BU20*SUM($AL20:AQ20)/SUM($AL20:$BO20),0)-ROUND($BU20*SUM($AL20:AP20)/SUM($AL20:$BO20),0)))) | L20: =IF($A20="","",IF(L$8=0,"",IF(SUM($AL20:$BO20)=0,0,ROUND($BU20*SUM($AL20:AR20)/SUM($AL20:$BO20),0)-ROUND($BU20*SUM($AL20:AQ20)/SUM($AL20:$BO20),0)))) | M20: =IF($A20="","",IF(M$8=0,"",IF(SUM($AL20:$BO20)=0,0,ROUND($BU20*SUM($AL20:AS20)/SUM($AL20:$BO20),0)-ROUND($BU20*SUM($AL20:AR20)/SUM($AL20:$BO20),0)))) | N20: =IF($A20="","",IF(N$8=0,"",IF(SUM($AL20:$BO20)=0,0,ROUND($BU20*SUM($AL20:AT20)/SUM($AL20:$BO20),0)-ROUND($BU20*SUM($AL20:AS20)/SUM($AL20:$BO20),0)))) | ... AI20: =IF($A20="","",IF(AI$8=0,"",IF(SUM($AL20:$BO20)=0,0,ROUND($BU20*SUM($AL20:BO20)/SUM($AL20:$BO20),0)-ROUND($BU20*SUM($AL20:BN20)/SUM($AL20:$BO20),0)))) | AJ20: =IF($A20="","",SUM(F20:AI20)) -> 713 | AK20: =IF($A20="","",E20-AJ20) -> 46 | AL20: =IF($A20="","",IF((COLUMN()-COLUMN($AL$9))>($B$3-1),0,MAX(0.1,1+$D$3*(0.6*(2*MOD(ABS(SIN((COLUMN()-COLUMN($AL$9)+1)*12.9898+$B$2*0.0001))*43758.5453,1)-1)+0.4*SIN(($BV20+COLUMN()-COLUMN($AL$9))*2*PI()/7))))) -> 1.0068029 | AM20: =IF($A20="","",IF((COLUMN()-COLUMN($AL$9))>($B$3-1),0,MAX(0.1,1+$D$3*(0.6*(2*MOD(ABS(SIN((COLUMN()-COLUMN($AL$9)+1)*12.9898+$B$2*0.0001))*43758.5453,1)-1)+0.4*SIN(($BV20+COLUMN()-COLUMN($AL$9))*2*PI()/7))))) -> 1.0078115 | AN20: =IF($A20="","",IF((COLUMN()-COLUMN($AL$9))>($B$3-1),0,MAX(0.1,1+$D$3*(0.6*(2*MOD(ABS(SIN((COLUMN()-COLUMN($AL$9)+1)*12.9898+$B$2*0.0001))*43758.5453,1)-1)+0.4*SIN(($BV20+COLUMN()-COLUMN($AL$9))*2*PI()/7))))) -> 1.0043968 | AO20: =IF($A20="","",IF((COLUMN()-COLUMN($AL$9))>($B$3-1),0,MAX(0.1,1+$D$3*(0.6*(2*MOD(ABS(SIN((COLUMN()-COLUMN($AL$9)+1)*12.9898+$B$2*0.0001))*43758.5453,1)-1)+0.4*SIN(($BV20+COLUMN()-COLUMN($AL$9))*2*PI()/7))))) -> 0.99737901 | AP20: =IF($A20="","",IF((COLUMN()-COLUMN($AL$9))>($B$3-1),0,MAX(0.1,1+$D$3*(0.6*(2*MOD(ABS(SIN((COLUMN()-COLUMN($AL$9)+1)*12.9898+$B$2*0.0001))*43758.5453,1)-1)+0.4*SIN(($BV20+COLUMN()-COLUMN($AL$9))*2*PI()/7))))) -> 0.99368355 | AQ20: =IF($A20="","",IF((COLUMN()-COLUMN($AL$9))>($B$3-1),0,MAX(0.1,1+$D$3*(0.6*(2*MOD(ABS(SIN((COLUMN()-COLUMN($AL$9)+1)*12.9898+$B$2*0.0001))*43758.5453,1)-1)+0.4*SIN(($BV20+COLUMN()-COLUMN($AL$9))*2*PI()/7))))) -> 0 | AR20: =IF($A20="","",IF((COLUMN()-COLUMN($AL$9))>($B$3-1),0,MAX(0.1,1+$D$3*(0.6*(2*MOD(ABS(SIN((COLUMN()-COLUMN($AL$9)+1)*12.9898+$B$2*0.0001))*43758.5453,1)-1)+0.4*SIN(($BV20+COLUMN()-COLUMN($AL$9))*2*PI()/7))))) -> 0 | AS20: =IF($A20="","",IF((COLUMN()-COLUMN($AL$9))>($B$3-1),0,MAX(0.1,1+$D$3*(0.6*(2*MOD(ABS(SIN((COLUMN()-COLUMN($AL$9)+1)*12.9898+$B$2*0.0001))*43758.5453,1)-1)+0.4*SIN(($BV20+COLUMN()-COLUMN($AL$9))*2*PI()/7))))) -> 0 | ... BO20: =IF($A20="","",IF((COLUMN()-COLUMN($AL$9))>($B$3-1),0,MAX(0.1,1+$D$3*(0.6*(2*MOD(ABS(SIN((COLUMN()-COLUMN($AL$9)+1)*12.9898+$B$2*0.0001))*43758.5453,1)-1)+0.4*SIN(($BV20+COLUMN()-COLUMN($AL$9))*2*PI()/7))))) -> 0 | BP20: =IF($A20="","",$A20) -> VP26_47 | BQ20: =IF($A20="","",$E20) -> 759 | BR20: =IF($A20="","",$D20) -> 829 | BS20: =IF($A20="","",ROUNDDOWN(BQ20*MIN(1,$B$2/SUMPRODUCT($BQ$9:$BQ$82,$BR$9:$BR$82)),0)) -> 713 | BT20: =IF($A20="","",MIN(BQ20-BS20,MAX(0,ROUNDDOWN(($B$2-SUMPRODUCT($BS$9:$BS$82,$BR$9:$BR$82)-SUMPRODUCT($BT$9:BT19,$BR$9:BR19))/BR20,0)))) -> 0 | BU20: =IF($A20="","",BS20+BT20) -> 713 | BV20: =IF($A20="","",MOD(ROW()-5,30)) -> 15
A21: =IFERROR(__xludf.DUMMYFUNCTION("IFERROR(INDEX(FILTER(T4.2026!$A$2:$A$1000, T4.2026!$A$2:$A$1000<>""""), ROWS($A$9:A21)), """")"),"VP26_49") -> VP26_49 | B21: {=IF($A21="","",IFERROR(_xlfn.XLOOKUP($A21,'T4.2026'!$A$2:$A$1000,'T4.2026'!$B$2:$B$1000),""))} -> Bánh Mứt Dâu Xá 4kg PC | C21: {=IF($A21="","",IFERROR(_xlfn.XLOOKUP($A21,'T4.2026'!$A$2:$A$1000,'T4.2026'!$C$2:$C$1000),""))} -> kg | D21: {=IF($A21="","",ROUND(IFERROR(_xlfn.XLOOKUP($A21,'T4.2026'!$A$2:$A$1000,'T4.2026'!$D$2:$D$1000),0),0))} -> 61875 | E21: {=IF($A21="","",IFERROR(_xlfn.XLOOKUP($A21,'T4.2026'!$A$2:$A$1000,'T4.2026'!$E$2:$E$1000),0))} -> 4 | F21: =IF($A21="","",IF(F$8=0,"",IF(SUM($AL21:$BO21)=0,0,ROUND($BU21*SUM($AL21:AL21)/SUM($AL21:$BO21),0)-0))) -> 1 | G21: =IF($A21="","",IF(G$8=0,"",IF(SUM($AL21:$BO21)=0,0,ROUND($BU21*SUM($AL21:AM21)/SUM($AL21:$BO21),0)-ROUND($BU21*SUM($AL21:AL21)/SUM($AL21:$BO21),0)))) -> 0 | H21: =IF($A21="","",IF(H$8=0,"",IF(SUM($AL21:$BO21)=0,0,ROUND($BU21*SUM($AL21:AN21)/SUM($AL21:$BO21),0)-ROUND($BU21*SUM($AL21:AM21)/SUM($AL21:$BO21),0)))) -> 1 | I21: =IF($A21="","",IF(I$8=0,"",IF(SUM($AL21:$BO21)=0,0,ROUND($BU21*SUM($AL21:AO21)/SUM($AL21:$BO21),0)-ROUND($BU21*SUM($AL21:AN21)/SUM($AL21:$BO21),0)))) -> 0 | J21: =IF($A21="","",IF(J$8=0,"",IF(SUM($AL21:$BO21)=0,0,ROUND($BU21*SUM($AL21:AP21)/SUM($AL21:$BO21),0)-ROUND($BU21*SUM($AL21:AO21)/SUM($AL21:$BO21),0)))) -> 1 | K21: =IF($A21="","",IF(K$8=0,"",IF(SUM($AL21:$BO21)=0,0,ROUND($BU21*SUM($AL21:AQ21)/SUM($AL21:$BO21),0)-ROUND($BU21*SUM($AL21:AP21)/SUM($AL21:$BO21),0)))) | L21: =IF($A21="","",IF(L$8=0,"",IF(SUM($AL21:$BO21)=0,0,ROUND($BU21*SUM($AL21:AR21)/SUM($AL21:$BO21),0)-ROUND($BU21*SUM($AL21:AQ21)/SUM($AL21:$BO21),0)))) | M21: =IF($A21="","",IF(M$8=0,"",IF(SUM($AL21:$BO21)=0,0,ROUND($BU21*SUM($AL21:AS21)/SUM($AL21:$BO21),0)-ROUND($BU21*SUM($AL21:AR21)/SUM($AL21:$BO21),0)))) | N21: =IF($A21="","",IF(N$8=0,"",IF(SUM($AL21:$BO21)=0,0,ROUND($BU21*SUM($AL21:AT21)/SUM($AL21:$BO21),0)-ROUND($BU21*SUM($AL21:AS21)/SUM($AL21:$BO21),0)))) | ... AI21: =IF($A21="","",IF(AI$8=0,"",IF(SUM($AL21:$BO21)=0,0,ROUND($BU21*SUM($AL21:BO21)/SUM($AL21:$BO21),0)-ROUND($BU21*SUM($AL21:BN21)/SUM($AL21:$BO21),0)))) | AJ21: =IF($A21="","",SUM(F21:AI21)) -> 3 | AK21: =IF($A21="","",E21-AJ21) -> 1 | AL21: =IF($A21="","",IF((COLUMN()-COLUMN($AL$9))>($B$3-1),0,MAX(0.1,1+$D$3*(0.6*(2*MOD(ABS(SIN((COLUMN()-COLUMN($AL$9)+1)*12.9898+$B$2*0.0001))*43758.5453,1)-1)+0.4*SIN(($BV21+COLUMN()-COLUMN($AL$9))*2*PI()/7))))) -> 1.0075753 | AM21: =IF($A21="","",IF((COLUMN()-COLUMN($AL$9))>($B$3-1),0,MAX(0.1,1+$D$3*(0.6*(2*MOD(ABS(SIN((COLUMN()-COLUMN($AL$9)+1)*12.9898+$B$2*0.0001))*43758.5453,1)-1)+0.4*SIN(($BV21+COLUMN()-COLUMN($AL$9))*2*PI()/7))))) -> 1.0056473 | AN21: =IF($A21="","",IF((COLUMN()-COLUMN($AL$9))>($B$3-1),0,MAX(0.1,1+$D$3*(0.6*(2*MOD(ABS(SIN((COLUMN()-COLUMN($AL$9)+1)*12.9898+$B$2*0.0001))*43758.5453,1)-1)+0.4*SIN(($BV21+COLUMN()-COLUMN($AL$9))*2*PI()/7))))) -> 1.0009258 | AO21: =IF($A21="","",IF((COLUMN()-COLUMN($AL$9))>($B$3-1),0,MAX(0.1,1+$D$3*(0.6*(2*MOD(ABS(SIN((COLUMN()-COLUMN($AL$9)+1)*12.9898+$B$2*0.0001))*43758.5453,1)-1)+0.4*SIN(($BV21+COLUMN()-COLUMN($AL$9))*2*PI()/7))))) -> 0.99521483 | AP21: =IF($A21="","",IF((COLUMN()-COLUMN($AL$9))>($B$3-1),0,MAX(0.1,1+$D$3*(0.6*(2*MOD(ABS(SIN((COLUMN()-COLUMN($AL$9)+1)*12.9898+$B$2*0.0001))*43758.5453,1)-1)+0.4*SIN(($BV21+COLUMN()-COLUMN($AL$9))*2*PI()/7))))) -> 0.99445594 | AQ21: =IF($A21="","",IF((COLUMN()-COLUMN($AL$9))>($B$3-1),0,MAX(0.1,1+$D$3*(0.6*(2*MOD(ABS(SIN((COLUMN()-COLUMN($AL$9)+1)*12.9898+$B$2*0.0001))*43758.5453,1)-1)+0.4*SIN(($BV21+COLUMN()-COLUMN($AL$9))*2*PI()/7))))) -> 0 | AR21: =IF($A21="","",IF((COLUMN()-COLUMN($AL$9))>($B$3-1),0,MAX(0.1,1+$D$3*(0.6*(2*MOD(ABS(SIN((COLUMN()-COLUMN($AL$9)+1)*12.9898+$B$2*0.0001))*43758.5453,1)-1)+0.4*SIN(($BV21+COLUMN()-COLUMN($AL$9))*2*PI()/7))))) -> 0 | AS21: =IF($A21="","",IF((COLUMN()-COLUMN($AL$9))>($B$3-1),0,MAX(0.1,1+$D$3*(0.6*(2*MOD(ABS(SIN((COLUMN()-COLUMN($AL$9)+1)*12.9898+$B$2*0.0001))*43758.5453,1)-1)+0.4*SIN(($BV21+COLUMN()-COLUMN($AL$9))*2*PI()/7))))) -> 0 | ... BO21: =IF($A21="","",IF((COLUMN()-COLUMN($AL$9))>($B$3-1),0,MAX(0.1,1+$D$3*(0.6*(2*MOD(ABS(SIN((COLUMN()-COLUMN($AL$9)+1)*12.9898+$B$2*0.0001))*43758.5453,1)-1)+0.4*SIN(($BV21+COLUMN()-COLUMN($AL$9))*2*PI()/7))))) -> 0 | BP21: =IF($A21="","",$A21) -> VP26_49 | BQ21: =IF($A21="","",$E21) -> 4 | BR21: =IF($A21="","",$D21) -> 61875 | BS21: =IF($A21="","",ROUNDDOWN(BQ21*MIN(1,$B$2/SUMPRODUCT($BQ$9:$BQ$82,$BR$9:$BR$82)),0)) -> 3 | BT21: =IF($A21="","",MIN(BQ21-BS21,MAX(0,ROUNDDOWN(($B$2-SUMPRODUCT($BS$9:$BS$82,$BR$9:$BR$82)-SUMPRODUCT($BT$9:BT20,$BR$9:BR20))/BR21,0)))) -> 0 | BU21: =IF($A21="","",BS21+BT21) -> 3 | BV21: =IF($A21="","",MOD(ROW()-5,30)) -> 16
A22: =IFERROR(__xludf.DUMMYFUNCTION("IFERROR(INDEX(FILTER(T4.2026!$A$2:$A$1000, T4.2026!$A$2:$A$1000<>""""), ROWS($A$9:A22)), """")"),"VP26_50") -> VP26_50 | B22: {=IF($A22="","",IFERROR(_xlfn.XLOOKUP($A22,'T4.2026'!$A$2:$A$1000,'T4.2026'!$B$2:$B$1000),""))} -> Nước Túi Oishi (10 túi x 5 bịch / T) | C22: {=IF($A22="","",IFERROR(_xlfn.XLOOKUP($A22,'T4.2026'!$A$2:$A$1000,'T4.2026'!$C$2:$C$1000),""))} -> Túi | D22: {=IF($A22="","",ROUND(IFERROR(_xlfn.XLOOKUP($A22,'T4.2026'!$A$2:$A$1000,'T4.2026'!$D$2:$D$1000),0),0))} -> 2560 | E22: {=IF($A22="","",IFERROR(_xlfn.XLOOKUP($A22,'T4.2026'!$A$2:$A$1000,'T4.2026'!$E$2:$E$1000),0))} -> 500 | F22: =IF($A22="","",IF(F$8=0,"",IF(SUM($AL22:$BO22)=0,0,ROUND($BU22*SUM($AL22:AL22)/SUM($AL22:$BO22),0)-0))) -> 95 | G22: =IF($A22="","",IF(G$8=0,"",IF(SUM($AL22:$BO22)=0,0,ROUND($BU22*SUM($AL22:AM22)/SUM($AL22:$BO22),0)-ROUND($BU22*SUM($AL22:AL22)/SUM($AL22:$BO22),0)))) -> 94 | H22: =IF($A22="","",IF(H$8=0,"",IF(SUM($AL22:$BO22)=0,0,ROUND($BU22*SUM($AL22:AN22)/SUM($AL22:$BO22),0)-ROUND($BU22*SUM($AL22:AM22)/SUM($AL22:$BO22),0)))) -> 94 | I22: =IF($A22="","",IF(I$8=0,"",IF(SUM($AL22:$BO22)=0,0,ROUND($BU22*SUM($AL22:AO22)/SUM($AL22:$BO22),0)-ROUND($BU22*SUM($AL22:AN22)/SUM($AL22:$BO22),0)))) -> 93 | J22: =IF($A22="","",IF(J$8=0,"",IF(SUM($AL22:$BO22)=0,0,ROUND($BU22*SUM($AL22:AP22)/SUM($AL22:$BO22),0)-ROUND($BU22*SUM($AL22:AO22)/SUM($AL22:$BO22),0)))) -> 94 | K22: =IF($A22="","",IF(K$8=0,"",IF(SUM($AL22:$BO22)=0,0,ROUND($BU22*SUM($AL22:AQ22)/SUM($AL22:$BO22),0)-ROUND($BU22*SUM($AL22:AP22)/SUM($AL22:$BO22),0)))) | L22: =IF($A22="","",IF(L$8=0,"",IF(SUM($AL22:$BO22)=0,0,ROUND($BU22*SUM($AL22:AR22)/SUM($AL22:$BO22),0)-ROUND($BU22*SUM($AL22:AQ22)/SUM($AL22:$BO22),0)))) | M22: =IF($A22="","",IF(M$8=0,"",IF(SUM($AL22:$BO22)=0,0,ROUND($BU22*SUM($AL22:AS22)/SUM($AL22:$BO22),0)-ROUND($BU22*SUM($AL22:AR22)/SUM($AL22:$BO22),0)))) | N22: =IF($A22="","",IF(N$8=0,"",IF(SUM($AL22:$BO22)=0,0,ROUND($BU22*SUM($AL22:AT22)/SUM($AL22:$BO22),0)-ROUND($BU22*SUM($AL22:AS22)/SUM($AL22:$BO22),0)))) | ... AI22: =IF($A22="","",IF(AI$8=0,"",IF(SUM($AL22:$BO22)=0,0,ROUND($BU22*SUM($AL22:BO22)/SUM($AL22:$BO22),0)-ROUND($BU22*SUM($AL22:BN22)/SUM($AL22:$BO22),0)))) | AJ22: =IF($A22="","",SUM(F22:AI22)) -> 470 | AK22: =IF($A22="","",E22-AJ22) -> 30 | AL22: =IF($A22="","",IF((COLUMN()-COLUMN($AL$9))>($B$3-1),0,MAX(0.1,1+$D$3*(0.6*(2*MOD(ABS(SIN((COLUMN()-COLUMN($AL$9)+1)*12.9898+$B$2*0.0001))*43758.5453,1)-1)+0.4*SIN(($BV22+COLUMN()-COLUMN($AL$9))*2*PI()/7))))) -> 1.0054111 | AM22: =IF($A22="","",IF((COLUMN()-COLUMN($AL$9))>($B$3-1),0,MAX(0.1,1+$D$3*(0.6*(2*MOD(ABS(SIN((COLUMN()-COLUMN($AL$9)+1)*12.9898+$B$2*0.0001))*43758.5453,1)-1)+0.4*SIN(($BV22+COLUMN()-COLUMN($AL$9))*2*PI()/7))))) -> 1.0021762 | AN22: =IF($A22="","",IF((COLUMN()-COLUMN($AL$9))>($B$3-1),0,MAX(0.1,1+$D$3*(0.6*(2*MOD(ABS(SIN((COLUMN()-COLUMN($AL$9)+1)*12.9898+$B$2*0.0001))*43758.5453,1)-1)+0.4*SIN(($BV22+COLUMN()-COLUMN($AL$9))*2*PI()/7))))) -> 0.99876159 | AO22: =IF($A22="","",IF((COLUMN()-COLUMN($AL$9))>($B$3-1),0,MAX(0.1,1+$D$3*(0.6*(2*MOD(ABS(SIN((COLUMN()-COLUMN($AL$9)+1)*12.9898+$B$2*0.0001))*43758.5453,1)-1)+0.4*SIN(($BV22+COLUMN()-COLUMN($AL$9))*2*PI()/7))))) -> 0.99598722 | AP22: =IF($A22="","",IF((COLUMN()-COLUMN($AL$9))>($B$3-1),0,MAX(0.1,1+$D$3*(0.6*(2*MOD(ABS(SIN((COLUMN()-COLUMN($AL$9)+1)*12.9898+$B$2*0.0001))*43758.5453,1)-1)+0.4*SIN(($BV22+COLUMN()-COLUMN($AL$9))*2*PI()/7))))) -> 0.99758326 | AQ22: =IF($A22="","",IF((COLUMN()-COLUMN($AL$9))>($B$3-1),0,MAX(0.1,1+$D$3*(0.6*(2*MOD(ABS(SIN((COLUMN()-COLUMN($AL$9)+1)*12.9898+$B$2*0.0001))*43758.5453,1)-1)+0.4*SIN(($BV22+COLUMN()-COLUMN($AL$9))*2*PI()/7))))) -> 0 | AR22: =IF($A22="","",IF((COLUMN()-COLUMN($AL$9))>($B$3-1),0,MAX(0.1,1+$D$3*(0.6*(2*MOD(ABS(SIN((COLUMN()-COLUMN($AL$9)+1)*12.9898+$B$2*0.0001))*43758.5453,1)-1)+0.4*SIN(($BV22+COLUMN()-COLUMN($AL$9))*2*PI()/7))))) -> 0 | AS22: =IF($A22="","",IF((COLUMN()-COLUMN($AL$9))>($B$3-1),0,MAX(0.1,1+$D$3*(0.6*(2*MOD(ABS(SIN((COLUMN()-COLUMN($AL$9)+1)*12.9898+$B$2*0.0001))*43758.5453,1)-1)+0.4*SIN(($BV22+COLUMN()-COLUMN($AL$9))*2*PI()/7))))) -> 0 | ... BO22: =IF($A22="","",IF((COLUMN()-COLUMN($AL$9))>($B$3-1),0,MAX(0.1,1+$D$3*(0.6*(2*MOD(ABS(SIN((COLUMN()-COLUMN($AL$9)+1)*12.9898+$B$2*0.0001))*43758.5453,1)-1)+0.4*SIN(($BV22+COLUMN()-COLUMN($AL$9))*2*PI()/7))))) -> 0 | BP22: =IF($A22="","",$A22) -> VP26_50 | BQ22: =IF($A22="","",$E22) -> 500 | BR22: =IF($A22="","",$D22) -> 2560 | BS22: =IF($A22="","",ROUNDDOWN(BQ22*MIN(1,$B$2/SUMPRODUCT($BQ$9:$BQ$82,$BR$9:$BR$82)),0)) -> 470 | BT22: =IF($A22="","",MIN(BQ22-BS22,MAX(0,ROUNDDOWN(($B$2-SUMPRODUCT($BS$9:$BS$82,$BR$9:$BR$82)-SUMPRODUCT($BT$9:BT21,$BR$9:BR21))/BR22,0)))) -> 0 | BU22: =IF($A22="","",BS22+BT22) -> 470 | BV22: =IF($A22="","",MOD(ROW()-5,30)) -> 17
A23: =IFERROR(__xludf.DUMMYFUNCTION("IFERROR(INDEX(FILTER(T4.2026!$A$2:$A$1000, T4.2026!$A$2:$A$1000<>""""), ROWS($A$9:A23)), """")"),"") | B23: {=IF($A23="","",IFERROR(_xlfn.XLOOKUP($A23,'T4.2026'!$A$2:$A$1000,'T4.2026'!$B$2:$B$1000),""))} | C23: {=IF($A23="","",IFERROR(_xlfn.XLOOKUP($A23,'T4.2026'!$A$2:$A$1000,'T4.2026'!$C$2:$C$1000),""))} | D23: {=IF($A23="","",ROUND(IFERROR(_xlfn.XLOOKUP($A23,'T4.2026'!$A$2:$A$1000,'T4.2026'!$D$2:$D$1000),0),0))} | E23: {=IF($A23="","",IFERROR(_xlfn.XLOOKUP($A23,'T4.2026'!$A$2:$A$1000,'T4.2026'!$E$2:$E$1000),0))} | F23: =IF($A23="","",IF(F$8=0,"",IF(SUM($AL23:$BO23)=0,0,ROUND($BU23*SUM($AL23:AL23)/SUM($AL23:$BO23),0)-0))) | G23: =IF($A23="","",IF(G$8=0,"",IF(SUM($AL23:$BO23)=0,0,ROUND($BU23*SUM($AL23:AM23)/SUM($AL23:$BO23),0)-ROUND($BU23*SUM($AL23:AL23)/SUM($AL23:$BO23),0)))) | H23: =IF($A23="","",IF(H$8=0,"",IF(SUM($AL23:$BO23)=0,0,ROUND($BU23*SUM($AL23:AN23)/SUM($AL23:$BO23),0)-ROUND($BU23*SUM($AL23:AM23)/SUM($AL23:$BO23),0)))) | I23: =IF($A23="","",IF(I$8=0,"",IF(SUM($AL23:$BO23)=0,0,ROUND($BU23*SUM($AL23:AO23)/SUM($AL23:$BO23),0)-ROUND($BU23*SUM($AL23:AN23)/SUM($AL23:$BO23),0)))) | J23: =IF($A23="","",IF(J$8=0,"",IF(SUM($AL23:$BO23)=0,0,ROUND($BU23*SUM($AL23:AP23)/SUM($AL23:$BO23),0)-ROUND($BU23*SUM($AL23:AO23)/SUM($AL23:$BO23),0)))) | K23: =IF($A23="","",IF(K$8=0,"",IF(SUM($AL23:$BO23)=0,0,ROUND($BU23*SUM($AL23:AQ23)/SUM($AL23:$BO23),0)-ROUND($BU23*SUM($AL23:AP23)/SUM($AL23:$BO23),0)))) | L23: =IF($A23="","",IF(L$8=0,"",IF(SUM($AL23:$BO23)=0,0,ROUND($BU23*SUM($AL23:AR23)/SUM($AL23:$BO23),0)-ROUND($BU23*SUM($AL23:AQ23)/SUM($AL23:$BO23),0)))) | M23: =IF($A23="","",IF(M$8=0,"",IF(SUM($AL23:$BO23)=0,0,ROUND($BU23*SUM($AL23:AS23)/SUM($AL23:$BO23),0)-ROUND($BU23*SUM($AL23:AR23)/SUM($AL23:$BO23),0)))) | N23: =IF($A23="","",IF(N$8=0,"",IF(SUM($AL23:$BO23)=0,0,ROUND($BU23*SUM($AL23:AT23)/SUM($AL23:$BO23),0)-ROUND($BU23*SUM($AL23:AS23)/SUM($AL23:$BO23),0)))) | ... AI23: =IF($A23="","",IF(AI$8=0,"",IF(SUM($AL23:$BO23)=0,0,ROUND($BU23*SUM($AL23:BO23)/SUM($AL23:$BO23),0)-ROUND($BU23*SUM($AL23:BN23)/SUM($AL23:$BO23),0)))) | AJ23: =IF($A23="","",SUM(F23:AI23)) | AK23: =IF($A23="","",E23-AJ23) | AL23: =IF($A23="","",IF((COLUMN()-COLUMN($AL$9))>($B$3-1),0,MAX(0.1,1+$D$3*(0.6*(2*MOD(ABS(SIN((COLUMN()-COLUMN($AL$9)+1)*12.9898+$B$2*0.0001))*43758.5453,1)-1)+0.4*SIN(($BV23+COLUMN()-COLUMN($AL$9))*2*PI()/7))))) | AM23: =IF($A23="","",IF((COLUMN()-COLUMN($AL$9))>($B$3-1),0,MAX(0.1,1+$D$3*(0.6*(2*MOD(ABS(SIN((COLUMN()-COLUMN($AL$9)+1)*12.9898+$B$2*0.0001))*43758.5453,1)-1)+0.4*SIN(($BV23+COLUMN()-COLUMN($AL$9))*2*PI()/7))))) | AN23: =IF($A23="","",IF((COLUMN()-COLUMN($AL$9))>($B$3-1),0,MAX(0.1,1+$D$3*(0.6*(2*MOD(ABS(SIN((COLUMN()-COLUMN($AL$9)+1)*12.9898+$B$2*0.0001))*43758.5453,1)-1)+0.4*SIN(($BV23+COLUMN()-COLUMN($AL$9))*2*PI()/7))))) | AO23: =IF($A23="","",IF((COLUMN()-COLUMN($AL$9))>($B$3-1),0,MAX(0.1,1+$D$3*(0.6*(2*MOD(ABS(SIN((COLUMN()-COLUMN($AL$9)+1)*12.9898+$B$2*0.0001))*43758.5453,1)-1)+0.4*SIN(($BV23+COLUMN()-COLUMN($AL$9))*2*PI()/7))))) | AP23: =IF($A23="","",IF((COLUMN()-COLUMN($AL$9))>($B$3-1),0,MAX(0.1,1+$D$3*(0.6*(2*MOD(ABS(SIN((COLUMN()-COLUMN($AL$9)+1)*12.9898+$B$2*0.0001))*43758.5453,1)-1)+0.4*SIN(($BV23+COLUMN()-COLUMN($AL$9))*2*PI()/7))))) | AQ23: =IF($A23="","",IF((COLUMN()-COLUMN($AL$9))>($B$3-1),0,MAX(0.1,1+$D$3*(0.6*(2*MOD(ABS(SIN((COLUMN()-COLUMN($AL$9)+1)*12.9898+$B$2*0.0001))*43758.5453,1)-1)+0.4*SIN(($BV23+COLUMN()-COLUMN($AL$9))*2*PI()/7))))) | AR23: =IF($A23="","",IF((COLUMN()-COLUMN($AL$9))>($B$3-1),0,MAX(0.1,1+$D$3*(0.6*(2*MOD(ABS(SIN((COLUMN()-COLUMN($AL$9)+1)*12.9898+$B$2*0.0001))*43758.5453,1)-1)+0.4*SIN(($BV23+COLUMN()-COLUMN($AL$9))*2*PI()/7))))) | AS23: =IF($A23="","",IF((COLUMN()-COLUMN($AL$9))>($B$3-1),0,MAX(0.1,1+$D$3*(0.6*(2*MOD(ABS(SIN((COLUMN()-COLUMN($AL$9)+1)*12.9898+$B$2*0.0001))*43758.5453,1)-1)+0.4*SIN(($BV23+COLUMN()-COLUMN($AL$9))*2*PI()/7))))) | ... BO23: =IF($A23="","",IF((COLUMN()-COLUMN($AL$9))>($B$3-1),0,MAX(0.1,1+$D$3*(0.6*(2*MOD(ABS(SIN((COLUMN()-COLUMN($AL$9)+1)*12.9898+$B$2*0.0001))*43758.5453,1)-1)+0.4*SIN(($BV23+COLUMN()-COLUMN($AL$9))*2*PI()/7))))) | BP23: =IF($A23="","",$A23) | BQ23: =IF($A23="","",$E23) | BR23: =IF($A23="","",$D23) | BS23: =IF($A23="","",ROUNDDOWN(BQ23*MIN(1,$B$2/SUMPRODUCT($BQ$9:$BQ$82,$BR$9:$BR$82)),0)) | BT23: =IF($A23="","",MIN(BQ23-BS23,MAX(0,ROUNDDOWN(($B$2-SUMPRODUCT($BS$9:$BS$82,$BR$9:$BR$82)-SUMPRODUCT($BT$9:BT22,$BR$9:BR22))/BR23,0)))) | BU23: =IF($A23="","",BS23+BT23) | BV23: =IF($A23="","",MOD(ROW()-5,30))
A24: =IFERROR(__xludf.DUMMYFUNCTION("IFERROR(INDEX(FILTER(T4.2026!$A$2:$A$1000, T4.2026!$A$2:$A$1000<>""""), ROWS($A$9:A24)), """")"),"") | B24: {=IF($A24="","",IFERROR(_xlfn.XLOOKUP($A24,'T4.2026'!$A$2:$A$1000,'T4.2026'!$B$2:$B$1000),""))} | C24: {=IF($A24="","",IFERROR(_xlfn.XLOOKUP($A24,'T4.2026'!$A$2:$A$1000,'T4.2026'!$C$2:$C$1000),""))} | D24: {=IF($A24="","",ROUND(IFERROR(_xlfn.XLOOKUP($A24,'T4.2026'!$A$2:$A$1000,'T4.2026'!$D$2:$D$1000),0),0))} | E24: {=IF($A24="","",IFERROR(_xlfn.XLOOKUP($A24,'T4.2026'!$A$2:$A$1000,'T4.2026'!$E$2:$E$1000),0))} | F24: =IF($A24="","",IF(F$8=0,"",IF(SUM($AL24:$BO24)=0,0,ROUND($BU24*SUM($AL24:AL24)/SUM($AL24:$BO24),0)-0))) | G24: =IF($A24="","",IF(G$8=0,"",IF(SUM($AL24:$BO24)=0,0,ROUND($BU24*SUM($AL24:AM24)/SUM($AL24:$BO24),0)-ROUND($BU24*SUM($AL24:AL24)/SUM($AL24:$BO24),0)))) | H24: =IF($A24="","",IF(H$8=0,"",IF(SUM($AL24:$BO24)=0,0,ROUND($BU24*SUM($AL24:AN24)/SUM($AL24:$BO24),0)-ROUND($BU24*SUM($AL24:AM24)/SUM($AL24:$BO24),0)))) | I24: =IF($A24="","",IF(I$8=0,"",IF(SUM($AL24:$BO24)=0,0,ROUND($BU24*SUM($AL24:AO24)/SUM($AL24:$BO24),0)-ROUND($BU24*SUM($AL24:AN24)/SUM($AL24:$BO24),0)))) | J24: =IF($A24="","",IF(J$8=0,"",IF(SUM($AL24:$BO24)=0,0,ROUND($BU24*SUM($AL24:AP24)/SUM($AL24:$BO24),0)-ROUND($BU24*SUM($AL24:AO24)/SUM($AL24:$BO24),0)))) | K24: =IF($A24="","",IF(K$8=0,"",IF(SUM($AL24:$BO24)=0,0,ROUND($BU24*SUM($AL24:AQ24)/SUM($AL24:$BO24),0)-ROUND($BU24*SUM($AL24:AP24)/SUM($AL24:$BO24),0)))) | L24: =IF($A24="","",IF(L$8=0,"",IF(SUM($AL24:$BO24)=0,0,ROUND($BU24*SUM($AL24:AR24)/SUM($AL24:$BO24),0)-ROUND($BU24*SUM($AL24:AQ24)/SUM($AL24:$BO24),0)))) | M24: =IF($A24="","",IF(M$8=0,"",IF(SUM($AL24:$BO24)=0,0,ROUND($BU24*SUM($AL24:AS24)/SUM($AL24:$BO24),0)-ROUND($BU24*SUM($AL24:AR24)/SUM($AL24:$BO24),0)))) | N24: =IF($A24="","",IF(N$8=0,"",IF(SUM($AL24:$BO24)=0,0,ROUND($BU24*SUM($AL24:AT24)/SUM($AL24:$BO24),0)-ROUND($BU24*SUM($AL24:AS24)/SUM($AL24:$BO24),0)))) | ... AI24: =IF($A24="","",IF(AI$8=0,"",IF(SUM($AL24:$BO24)=0,0,ROUND($BU24*SUM($AL24:BO24)/SUM($AL24:$BO24),0)-ROUND($BU24*SUM($AL24:BN24)/SUM($AL24:$BO24),0)))) | AJ24: =IF($A24="","",SUM(F24:AI24)) | AK24: =IF($A24="","",E24-AJ24) | AL24: =IF($A24="","",IF((COLUMN()-COLUMN($AL$9))>($B$3-1),0,MAX(0.1,1+$D$3*(0.6*(2*MOD(ABS(SIN((COLUMN()-COLUMN($AL$9)+1)*12.9898+$B$2*0.0001))*43758.5453,1)-1)+0.4*SIN(($BV24+COLUMN()-COLUMN($AL$9))*2*PI()/7))))) | AM24: =IF($A24="","",IF((COLUMN()-COLUMN($AL$9))>($B$3-1),0,MAX(0.1,1+$D$3*(0.6*(2*MOD(ABS(SIN((COLUMN()-COLUMN($AL$9)+1)*12.9898+$B$2*0.0001))*43758.5453,1)-1)+0.4*SIN(($BV24+COLUMN()-COLUMN($AL$9))*2*PI()/7))))) | AN24: =IF($A24="","",IF((COLUMN()-COLUMN($AL$9))>($B$3-1),0,MAX(0.1,1+$D$3*(0.6*(2*MOD(ABS(SIN((COLUMN()-COLUMN($AL$9)+1)*12.9898+$B$2*0.0001))*43758.5453,1)-1)+0.4*SIN(($BV24+COLUMN()-COLUMN($AL$9))*2*PI()/7))))) | AO24: =IF($A24="","",IF((COLUMN()-COLUMN($AL$9))>($B$3-1),0,MAX(0.1,1+$D$3*(0.6*(2*MOD(ABS(SIN((COLUMN()-COLUMN($AL$9)+1)*12.9898+$B$2*0.0001))*43758.5453,1)-1)+0.4*SIN(($BV24+COLUMN()-COLUMN($AL$9))*2*PI()/7))))) | AP24: =IF($A24="","",IF((COLUMN()-COLUMN($AL$9))>($B$3-1),0,MAX(0.1,1+$D$3*(0.6*(2*MOD(ABS(SIN((COLUMN()-COLUMN($AL$9)+1)*12.9898+$B$2*0.0001))*43758.5453,1)-1)+0.4*SIN(($BV24+COLUMN()-COLUMN($AL$9))*2*PI()/7))))) | AQ24: =IF($A24="","",IF((COLUMN()-COLUMN($AL$9))>($B$3-1),0,MAX(0.1,1+$D$3*(0.6*(2*MOD(ABS(SIN((COLUMN()-COLUMN($AL$9)+1)*12.9898+$B$2*0.0001))*43758.5453,1)-1)+0.4*SIN(($BV24+COLUMN()-COLUMN($AL$9))*2*PI()/7))))) | AR24: =IF($A24="","",IF((COLUMN()-COLUMN($AL$9))>($B$3-1),0,MAX(0.1,1+$D$3*(0.6*(2*MOD(ABS(SIN((COLUMN()-COLUMN($AL$9)+1)*12.9898+$B$2*0.0001))*43758.5453,1)-1)+0.4*SIN(($BV24+COLUMN()-COLUMN($AL$9))*2*PI()/7))))) | AS24: =IF($A24="","",IF((COLUMN()-COLUMN($AL$9))>($B$3-1),0,MAX(0.1,1+$D$3*(0.6*(2*MOD(ABS(SIN((COLUMN()-COLUMN($AL$9)+1)*12.9898+$B$2*0.0001))*43758.5453,1)-1)+0.4*SIN(($BV24+COLUMN()-COLUMN($AL$9))*2*PI()/7))))) | ... BO24: =IF($A24="","",IF((COLUMN()-COLUMN($AL$9))>($B$3-1),0,MAX(0.1,1+$D$3*(0.6*(2*MOD(ABS(SIN((COLUMN()-COLUMN($AL$9)+1)*12.9898+$B$2*0.0001))*43758.5453,1)-1)+0.4*SIN(($BV24+COLUMN()-COLUMN($AL$9))*2*PI()/7))))) | BP24: =IF($A24="","",$A24) | BQ24: =IF($A24="","",$E24) | BR24: =IF($A24="","",$D24) | BS24: =IF($A24="","",ROUNDDOWN(BQ24*MIN(1,$B$2/SUMPRODUCT($BQ$9:$BQ$82,$BR$9:$BR$82)),0)) | BT24: =IF($A24="","",MIN(BQ24-BS24,MAX(0,ROUNDDOWN(($B$2-SUMPRODUCT($BS$9:$BS$82,$BR$9:$BR$82)-SUMPRODUCT($BT$9:BT23,$BR$9:BR23))/BR24,0)))) | BU24: =IF($A24="","",BS24+BT24) | BV24: =IF($A24="","",MOD(ROW()-5,30))
A25: =IFERROR(__xludf.DUMMYFUNCTION("IFERROR(INDEX(FILTER(T4.2026!$A$2:$A$1000, T4.2026!$A$2:$A$1000<>""""), ROWS($A$9:A25)), """")"),"") | B25: {=IF($A25="","",IFERROR(_xlfn.XLOOKUP($A25,'T4.2026'!$A$2:$A$1000,'T4.2026'!$B$2:$B$1000),""))} | C25: {=IF($A25="","",IFERROR(_xlfn.XLOOKUP($A25,'T4.2026'!$A$2:$A$1000,'T4.2026'!$C$2:$C$1000),""))} | D25: {=IF($A25="","",ROUND(IFERROR(_xlfn.XLOOKUP($A25,'T4.2026'!$A$2:$A$1000,'T4.2026'!$D$2:$D$1000),0),0))} | E25: {=IF($A25="","",IFERROR(_xlfn.XLOOKUP($A25,'T4.2026'!$A$2:$A$1000,'T4.2026'!$E$2:$E$1000),0))} | F25: =IF($A25="","",IF(F$8=0,"",IF(SUM($AL25:$BO25)=0,0,ROUND($BU25*SUM($AL25:AL25)/SUM($AL25:$BO25),0)-0))) | G25: =IF($A25="","",IF(G$8=0,"",IF(SUM($AL25:$BO25)=0,0,ROUND($BU25*SUM($AL25:AM25)/SUM($AL25:$BO25),0)-ROUND($BU25*SUM($AL25:AL25)/SUM($AL25:$BO25),0)))) | H25: =IF($A25="","",IF(H$8=0,"",IF(SUM($AL25:$BO25)=0,0,ROUND($BU25*SUM($AL25:AN25)/SUM($AL25:$BO25),0)-ROUND($BU25*SUM($AL25:AM25)/SUM($AL25:$BO25),0)))) | I25: =IF($A25="","",IF(I$8=0,"",IF(SUM($AL25:$BO25)=0,0,ROUND($BU25*SUM($AL25:AO25)/SUM($AL25:$BO25),0)-ROUND($BU25*SUM($AL25:AN25)/SUM($AL25:$BO25),0)))) | J25: =IF($A25="","",IF(J$8=0,"",IF(SUM($AL25:$BO25)=0,0,ROUND($BU25*SUM($AL25:AP25)/SUM($AL25:$BO25),0)-ROUND($BU25*SUM($AL25:AO25)/SUM($AL25:$BO25),0)))) | K25: =IF($A25="","",IF(K$8=0,"",IF(SUM($AL25:$BO25)=0,0,ROUND($BU25*SUM($AL25:AQ25)/SUM($AL25:$BO25),0)-ROUND($BU25*SUM($AL25:AP25)/SUM($AL25:$BO25),0)))) | L25: =IF($A25="","",IF(L$8=0,"",IF(SUM($AL25:$BO25)=0,0,ROUND($BU25*SUM($AL25:AR25)/SUM($AL25:$BO25),0)-ROUND($BU25*SUM($AL25:AQ25)/SUM($AL25:$BO25),0)))) | M25: =IF($A25="","",IF(M$8=0,"",IF(SUM($AL25:$BO25)=0,0,ROUND($BU25*SUM($AL25:AS25)/SUM($AL25:$BO25),0)-ROUND($BU25*SUM($AL25:AR25)/SUM($AL25:$BO25),0)))) | N25: =IF($A25="","",IF(N$8=0,"",IF(SUM($AL25:$BO25)=0,0,ROUND($BU25*SUM($AL25:AT25)/SUM($AL25:$BO25),0)-ROUND($BU25*SUM($AL25:AS25)/SUM($AL25:$BO25),0)))) | ... AI25: =IF($A25="","",IF(AI$8=0,"",IF(SUM($AL25:$BO25)=0,0,ROUND($BU25*SUM($AL25:BO25)/SUM($AL25:$BO25),0)-ROUND($BU25*SUM($AL25:BN25)/SUM($AL25:$BO25),0)))) | AJ25: =IF($A25="","",SUM(F25:AI25)) | AK25: =IF($A25="","",E25-AJ25) | AL25: =IF($A25="","",IF((COLUMN()-COLUMN($AL$9))>($B$3-1),0,MAX(0.1,1+$D$3*(0.6*(2*MOD(ABS(SIN((COLUMN()-COLUMN($AL$9)+1)*12.9898+$B$2*0.0001))*43758.5453,1)-1)+0.4*SIN(($BV25+COLUMN()-COLUMN($AL$9))*2*PI()/7))))) | AM25: =IF($A25="","",IF((COLUMN()-COLUMN($AL$9))>($B$3-1),0,MAX(0.1,1+$D$3*(0.6*(2*MOD(ABS(SIN((COLUMN()-COLUMN($AL$9)+1)*12.9898+$B$2*0.0001))*43758.5453,1)-1)+0.4*SIN(($BV25+COLUMN()-COLUMN($AL$9))*2*PI()/7))))) | AN25: =IF($A25="","",IF((COLUMN()-COLUMN($AL$9))>($B$3-1),0,MAX(0.1,1+$D$3*(0.6*(2*MOD(ABS(SIN((COLUMN()-COLUMN($AL$9)+1)*12.9898+$B$2*0.0001))*43758.5453,1)-1)+0.4*SIN(($BV25+COLUMN()-COLUMN($AL$9))*2*PI()/7))))) | AO25: =IF($A25="","",IF((COLUMN()-COLUMN($AL$9))>($B$3-1),0,MAX(0.1,1+$D$3*(0.6*(2*MOD(ABS(SIN((COLUMN()-COLUMN($AL$9)+1)*12.9898+$B$2*0.0001))*43758.5453,1)-1)+0.4*SIN(($BV25+COLUMN()-COLUMN($AL$9))*2*PI()/7))))) | AP25: =IF($A25="","",IF((COLUMN()-COLUMN($AL$9))>($B$3-1),0,MAX(0.1,1+$D$3*(0.6*(2*MOD(ABS(SIN((COLUMN()-COLUMN($AL$9)+1)*12.9898+$B$2*0.0001))*43758.5453,1)-1)+0.4*SIN(($BV25+COLUMN()-COLUMN($AL$9))*2*PI()/7))))) | AQ25: =IF($A25="","",IF((COLUMN()-COLUMN($AL$9))>($B$3-1),0,MAX(0.1,1+$D$3*(0.6*(2*MOD(ABS(SIN((COLUMN()-COLUMN($AL$9)+1)*12.9898+$B$2*0.0001))*43758.5453,1)-1)+0.4*SIN(($BV25+COLUMN()-COLUMN($AL$9))*2*PI()/7))))) | AR25: =IF($A25="","",IF((COLUMN()-COLUMN($AL$9))>($B$3-1),0,MAX(0.1,1+$D$3*(0.6*(2*MOD(ABS(SIN((COLUMN()-COLUMN($AL$9)+1)*12.9898+$B$2*0.0001))*43758.5453,1)-1)+0.4*SIN(($BV25+COLUMN()-COLUMN($AL$9))*2*PI()/7))))) | AS25: =IF($A25="","",IF((COLUMN()-COLUMN($AL$9))>($B$3-1),0,MAX(0.1,1+$D$3*(0.6*(2*MOD(ABS(SIN((COLUMN()-COLUMN($AL$9)+1)*12.9898+$B$2*0.0001))*43758.5453,1)-1)+0.4*SIN(($BV25+COLUMN()-COLUMN($AL$9))*2*PI()/7))))) | ... BO25: =IF($A25="","",IF((COLUMN()-COLUMN($AL$9))>($B$3-1),0,MAX(0.1,1+$D$3*(0.6*(2*MOD(ABS(SIN((COLUMN()-COLUMN($AL$9)+1)*12.9898+$B$2*0.0001))*43758.5453,1)-1)+0.4*SIN(($BV25+COLUMN()-COLUMN($AL$9))*2*PI()/7))))) | BP25: =IF($A25="","",$A25) | BQ25: =IF($A25="","",$E25) | BR25: =IF($A25="","",$D25) | BS25: =IF($A25="","",ROUNDDOWN(BQ25*MIN(1,$B$2/SUMPRODUCT($BQ$9:$BQ$82,$BR$9:$BR$82)),0)) | BT25: =IF($A25="","",MIN(BQ25-BS25,MAX(0,ROUNDDOWN(($B$2-SUMPRODUCT($BS$9:$BS$82,$BR$9:$BR$82)-SUMPRODUCT($BT$9:BT24,$BR$9:BR24))/BR25,0)))) | BU25: =IF($A25="","",BS25+BT25) | BV25: =IF($A25="","",MOD(ROW()-5,30))
A26: =IFERROR(__xludf.DUMMYFUNCTION("IFERROR(INDEX(FILTER(T4.2026!$A$2:$A$1000, T4.2026!$A$2:$A$1000<>""""), ROWS($A$9:A26)), """")"),"") | B26: {=IF($A26="","",IFERROR(_xlfn.XLOOKUP($A26,'T4.2026'!$A$2:$A$1000,'T4.2026'!$B$2:$B$1000),""))} | C26: {=IF($A26="","",IFERROR(_xlfn.XLOOKUP($A26,'T4.2026'!$A$2:$A$1000,'T4.2026'!$C$2:$C$1000),""))} | D26: {=IF($A26="","",ROUND(IFERROR(_xlfn.XLOOKUP($A26,'T4.2026'!$A$2:$A$1000,'T4.2026'!$D$2:$D$1000),0),0))} | E26: {=IF($A26="","",IFERROR(_xlfn.XLOOKUP($A26,'T4.2026'!$A$2:$A$1000,'T4.2026'!$E$2:$E$1000),0))} | F26: =IF($A26="","",IF(F$8=0,"",IF(SUM($AL26:$BO26)=0,0,ROUND($BU26*SUM($AL26:AL26)/SUM($AL26:$BO26),0)-0))) | G26: =IF($A26="","",IF(G$8=0,"",IF(SUM($AL26:$BO26)=0,0,ROUND($BU26*SUM($AL26:AM26)/SUM($AL26:$BO26),0)-ROUND($BU26*SUM($AL26:AL26)/SUM($AL26:$BO26),0)))) | H26: =IF($A26="","",IF(H$8=0,"",IF(SUM($AL26:$BO26)=0,0,ROUND($BU26*SUM($AL26:AN26)/SUM($AL26:$BO26),0)-ROUND($BU26*SUM($AL26:AM26)/SUM($AL26:$BO26),0)))) | I26: =IF($A26="","",IF(I$8=0,"",IF(SUM($AL26:$BO26)=0,0,ROUND($BU26*SUM($AL26:AO26)/SUM($AL26:$BO26),0)-ROUND($BU26*SUM($AL26:AN26)/SUM($AL26:$BO26),0)))) | J26: =IF($A26="","",IF(J$8=0,"",IF(SUM($AL26:$BO26)=0,0,ROUND($BU26*SUM($AL26:AP26)/SUM($AL26:$BO26),0)-ROUND($BU26*SUM($AL26:AO26)/SUM($AL26:$BO26),0)))) | K26: =IF($A26="","",IF(K$8=0,"",IF(SUM($AL26:$BO26)=0,0,ROUND($BU26*SUM($AL26:AQ26)/SUM($AL26:$BO26),0)-ROUND($BU26*SUM($AL26:AP26)/SUM($AL26:$BO26),0)))) | L26: =IF($A26="","",IF(L$8=0,"",IF(SUM($AL26:$BO26)=0,0,ROUND($BU26*SUM($AL26:AR26)/SUM($AL26:$BO26),0)-ROUND($BU26*SUM($AL26:AQ26)/SUM($AL26:$BO26),0)))) | M26: =IF($A26="","",IF(M$8=0,"",IF(SUM($AL26:$BO26)=0,0,ROUND($BU26*SUM($AL26:AS26)/SUM($AL26:$BO26),0)-ROUND($BU26*SUM($AL26:AR26)/SUM($AL26:$BO26),0)))) | N26: =IF($A26="","",IF(N$8=0,"",IF(SUM($AL26:$BO26)=0,0,ROUND($BU26*SUM($AL26:AT26)/SUM($AL26:$BO26),0)-ROUND($BU26*SUM($AL26:AS26)/SUM($AL26:$BO26),0)))) | ... AI26: =IF($A26="","",IF(AI$8=0,"",IF(SUM($AL26:$BO26)=0,0,ROUND($BU26*SUM($AL26:BO26)/SUM($AL26:$BO26),0)-ROUND($BU26*SUM($AL26:BN26)/SUM($AL26:$BO26),0)))) | AJ26: =IF($A26="","",SUM(F26:AI26)) | AK26: =IF($A26="","",E26-AJ26) | AL26: =IF($A26="","",IF((COLUMN()-COLUMN($AL$9))>($B$3-1),0,MAX(0.1,1+$D$3*(0.6*(2*MOD(ABS(SIN((COLUMN()-COLUMN($AL$9)+1)*12.9898+$B$2*0.0001))*43758.5453,1)-1)+0.4*SIN(($BV26+COLUMN()-COLUMN($AL$9))*2*PI()/7))))) | AM26: =IF($A26="","",IF((COLUMN()-COLUMN($AL$9))>($B$3-1),0,MAX(0.1,1+$D$3*(0.6*(2*MOD(ABS(SIN((COLUMN()-COLUMN($AL$9)+1)*12.9898+$B$2*0.0001))*43758.5453,1)-1)+0.4*SIN(($BV26+COLUMN()-COLUMN($AL$9))*2*PI()/7))))) | AN26: =IF($A26="","",IF((COLUMN()-COLUMN($AL$9))>($B$3-1),0,MAX(0.1,1+$D$3*(0.6*(2*MOD(ABS(SIN((COLUMN()-COLUMN($AL$9)+1)*12.9898+$B$2*0.0001))*43758.5453,1)-1)+0.4*SIN(($BV26+COLUMN()-COLUMN($AL$9))*2*PI()/7))))) | AO26: =IF($A26="","",IF((COLUMN()-COLUMN($AL$9))>($B$3-1),0,MAX(0.1,1+$D$3*(0.6*(2*MOD(ABS(SIN((COLUMN()-COLUMN($AL$9)+1)*12.9898+$B$2*0.0001))*43758.5453,1)-1)+0.4*SIN(($BV26+COLUMN()-COLUMN($AL$9))*2*PI()/7))))) | AP26: =IF($A26="","",IF((COLUMN()-COLUMN($AL$9))>($B$3-1),0,MAX(0.1,1+$D$3*(0.6*(2*MOD(ABS(SIN((COLUMN()-COLUMN($AL$9)+1)*12.9898+$B$2*0.0001))*43758.5453,1)-1)+0.4*SIN(($BV26+COLUMN()-COLUMN($AL$9))*2*PI()/7))))) | AQ26: =IF($A26="","",IF((COLUMN()-COLUMN($AL$9))>($B$3-1),0,MAX(0.1,1+$D$3*(0.6*(2*MOD(ABS(SIN((COLUMN()-COLUMN($AL$9)+1)*12.9898+$B$2*0.0001))*43758.5453,1)-1)+0.4*SIN(($BV26+COLUMN()-COLUMN($AL$9))*2*PI()/7))))) | AR26: =IF($A26="","",IF((COLUMN()-COLUMN($AL$9))>($B$3-1),0,MAX(0.1,1+$D$3*(0.6*(2*MOD(ABS(SIN((COLUMN()-COLUMN($AL$9)+1)*12.9898+$B$2*0.0001))*43758.5453,1)-1)+0.4*SIN(($BV26+COLUMN()-COLUMN($AL$9))*2*PI()/7))))) | AS26: =IF($A26="","",IF((COLUMN()-COLUMN($AL$9))>($B$3-1),0,MAX(0.1,1+$D$3*(0.6*(2*MOD(ABS(SIN((COLUMN()-COLUMN($AL$9)+1)*12.9898+$B$2*0.0001))*43758.5453,1)-1)+0.4*SIN(($BV26+COLUMN()-COLUMN($AL$9))*2*PI()/7))))) | ... BO26: =IF($A26="","",IF((COLUMN()-COLUMN($AL$9))>($B$3-1),0,MAX(0.1,1+$D$3*(0.6*(2*MOD(ABS(SIN((COLUMN()-COLUMN($AL$9)+1)*12.9898+$B$2*0.0001))*43758.5453,1)-1)+0.4*SIN(($BV26+COLUMN()-COLUMN($AL$9))*2*PI()/7))))) | BP26: =IF($A26="","",$A26) | BQ26: =IF($A26="","",$E26) | BR26: =IF($A26="","",$D26) | BS26: =IF($A26="","",ROUNDDOWN(BQ26*MIN(1,$B$2/SUMPRODUCT($BQ$9:$BQ$82,$BR$9:$BR$82)),0)) | BT26: =IF($A26="","",MIN(BQ26-BS26,MAX(0,ROUNDDOWN(($B$2-SUMPRODUCT($BS$9:$BS$82,$BR$9:$BR$82)-SUMPRODUCT($BT$9:BT25,$BR$9:BR25))/BR26,0)))) | BU26: =IF($A26="","",BS26+BT26) | BV26: =IF($A26="","",MOD(ROW()-5,30))
A27: =IFERROR(__xludf.DUMMYFUNCTION("IFERROR(INDEX(FILTER(T4.2026!$A$2:$A$1000, T4.2026!$A$2:$A$1000<>""""), ROWS($A$9:A27)), """")"),"") | B27: {=IF($A27="","",IFERROR(_xlfn.XLOOKUP($A27,'T4.2026'!$A$2:$A$1000,'T4.2026'!$B$2:$B$1000),""))} | C27: {=IF($A27="","",IFERROR(_xlfn.XLOOKUP($A27,'T4.2026'!$A$2:$A$1000,'T4.2026'!$C$2:$C$1000),""))} | D27: {=IF($A27="","",ROUND(IFERROR(_xlfn.XLOOKUP($A27,'T4.2026'!$A$2:$A$1000,'T4.2026'!$D$2:$D$1000),0),0))} | E27: {=IF($A27="","",IFERROR(_xlfn.XLOOKUP($A27,'T4.2026'!$A$2:$A$1000,'T4.2026'!$E$2:$E$1000),0))} | F27: =IF($A27="","",IF(F$8=0,"",IF(SUM($AL27:$BO27)=0,0,ROUND($BU27*SUM($AL27:AL27)/SUM($AL27:$BO27),0)-0))) | G27: =IF($A27="","",IF(G$8=0,"",IF(SUM($AL27:$BO27)=0,0,ROUND($BU27*SUM($AL27:AM27)/SUM($AL27:$BO27),0)-ROUND($BU27*SUM($AL27:AL27)/SUM($AL27:$BO27),0)))) | H27: =IF($A27="","",IF(H$8=0,"",IF(SUM($AL27:$BO27)=0,0,ROUND($BU27*SUM($AL27:AN27)/SUM($AL27:$BO27),0)-ROUND($BU27*SUM($AL27:AM27)/SUM($AL27:$BO27),0)))) | I27: =IF($A27="","",IF(I$8=0,"",IF(SUM($AL27:$BO27)=0,0,ROUND($BU27*SUM($AL27:AO27)/SUM($AL27:$BO27),0)-ROUND($BU27*SUM($AL27:AN27)/SUM($AL27:$BO27),0)))) | J27: =IF($A27="","",IF(J$8=0,"",IF(SUM($AL27:$BO27)=0,0,ROUND($BU27*SUM($AL27:AP27)/SUM($AL27:$BO27),0)-ROUND($BU27*SUM($AL27:AO27)/SUM($AL27:$BO27),0)))) | K27: =IF($A27="","",IF(K$8=0,"",IF(SUM($AL27:$BO27)=0,0,ROUND($BU27*SUM($AL27:AQ27)/SUM($AL27:$BO27),0)-ROUND($BU27*SUM($AL27:AP27)/SUM($AL27:$BO27),0)))) | L27: =IF($A27="","",IF(L$8=0,"",IF(SUM($AL27:$BO27)=0,0,ROUND($BU27*SUM($AL27:AR27)/SUM($AL27:$BO27),0)-ROUND($BU27*SUM($AL27:AQ27)/SUM($AL27:$BO27),0)))) | M27: =IF($A27="","",IF(M$8=0,"",IF(SUM($AL27:$BO27)=0,0,ROUND($BU27*SUM($AL27:AS27)/SUM($AL27:$BO27),0)-ROUND($BU27*SUM($AL27:AR27)/SUM($AL27:$BO27),0)))) | N27: =IF($A27="","",IF(N$8=0,"",IF(SUM($AL27:$BO27)=0,0,ROUND($BU27*SUM($AL27:AT27)/SUM($AL27:$BO27),0)-ROUND($BU27*SUM($AL27:AS27)/SUM($AL27:$BO27),0)))) | ... AI27: =IF($A27="","",IF(AI$8=0,"",IF(SUM($AL27:$BO27)=0,0,ROUND($BU27*SUM($AL27:BO27)/SUM($AL27:$BO27),0)-ROUND($BU27*SUM($AL27:BN27)/SUM($AL27:$BO27),0)))) | AJ27: =IF($A27="","",SUM(F27:AI27)) | AK27: =IF($A27="","",E27-AJ27) | AL27: =IF($A27="","",IF((COLUMN()-COLUMN($AL$9))>($B$3-1),0,MAX(0.1,1+$D$3*(0.6*(2*MOD(ABS(SIN((COLUMN()-COLUMN($AL$9)+1)*12.9898+$B$2*0.0001))*43758.5453,1)-1)+0.4*SIN(($BV27+COLUMN()-COLUMN($AL$9))*2*PI()/7))))) | AM27: =IF($A27="","",IF((COLUMN()-COLUMN($AL$9))>($B$3-1),0,MAX(0.1,1+$D$3*(0.6*(2*MOD(ABS(SIN((COLUMN()-COLUMN($AL$9)+1)*12.9898+$B$2*0.0001))*43758.5453,1)-1)+0.4*SIN(($BV27+COLUMN()-COLUMN($AL$9))*2*PI()/7))))) | AN27: =IF($A27="","",IF((COLUMN()-COLUMN($AL$9))>($B$3-1),0,MAX(0.1,1+$D$3*(0.6*(2*MOD(ABS(SIN((COLUMN()-COLUMN($AL$9)+1)*12.9898+$B$2*0.0001))*43758.5453,1)-1)+0.4*SIN(($BV27+COLUMN()-COLUMN($AL$9))*2*PI()/7))))) | AO27: =IF($A27="","",IF((COLUMN()-COLUMN($AL$9))>($B$3-1),0,MAX(0.1,1+$D$3*(0.6*(2*MOD(ABS(SIN((COLUMN()-COLUMN($AL$9)+1)*12.9898+$B$2*0.0001))*43758.5453,1)-1)+0.4*SIN(($BV27+COLUMN()-COLUMN($AL$9))*2*PI()/7))))) | AP27: =IF($A27="","",IF((COLUMN()-COLUMN($AL$9))>($B$3-1),0,MAX(0.1,1+$D$3*(0.6*(2*MOD(ABS(SIN((COLUMN()-COLUMN($AL$9)+1)*12.9898+$B$2*0.0001))*43758.5453,1)-1)+0.4*SIN(($BV27+COLUMN()-COLUMN($AL$9))*2*PI()/7))))) | AQ27: =IF($A27="","",IF((COLUMN()-COLUMN($AL$9))>($B$3-1),0,MAX(0.1,1+$D$3*(0.6*(2*MOD(ABS(SIN((COLUMN()-COLUMN($AL$9)+1)*12.9898+$B$2*0.0001))*43758.5453,1)-1)+0.4*SIN(($BV27+COLUMN()-COLUMN($AL$9))*2*PI()/7))))) | AR27: =IF($A27="","",IF((COLUMN()-COLUMN($AL$9))>($B$3-1),0,MAX(0.1,1+$D$3*(0.6*(2*MOD(ABS(SIN((COLUMN()-COLUMN($AL$9)+1)*12.9898+$B$2*0.0001))*43758.5453,1)-1)+0.4*SIN(($BV27+COLUMN()-COLUMN($AL$9))*2*PI()/7))))) | AS27: =IF($A27="","",IF((COLUMN()-COLUMN($AL$9))>($B$3-1),0,MAX(0.1,1+$D$3*(0.6*(2*MOD(ABS(SIN((COLUMN()-COLUMN($AL$9)+1)*12.9898+$B$2*0.0001))*43758.5453,1)-1)+0.4*SIN(($BV27+COLUMN()-COLUMN($AL$9))*2*PI()/7))))) | ... BO27: =IF($A27="","",IF((COLUMN()-COLUMN($AL$9))>($B$3-1),0,MAX(0.1,1+$D$3*(0.6*(2*MOD(ABS(SIN((COLUMN()-COLUMN($AL$9)+1)*12.9898+$B$2*0.0001))*43758.5453,1)-1)+0.4*SIN(($BV27+COLUMN()-COLUMN($AL$9))*2*PI()/7))))) | BP27: =IF($A27="","",$A27) | BQ27: =IF($A27="","",$E27) | BR27: =IF($A27="","",$D27) | BS27: =IF($A27="","",ROUNDDOWN(BQ27*MIN(1,$B$2/SUMPRODUCT($BQ$9:$BQ$82,$BR$9:$BR$82)),0)) | BT27: =IF($A27="","",MIN(BQ27-BS27,MAX(0,ROUNDDOWN(($B$2-SUMPRODUCT($BS$9:$BS$82,$BR$9:$BR$82)-SUMPRODUCT($BT$9:BT26,$BR$9:BR26))/BR27,0)))) | BU27: =IF($A27="","",BS27+BT27) | BV27: =IF($A27="","",MOD(ROW()-5,30))
A28: =IFERROR(__xludf.DUMMYFUNCTION("IFERROR(INDEX(FILTER(T4.2026!$A$2:$A$1000, T4.2026!$A$2:$A$1000<>""""), ROWS($A$9:A28)), """")"),"") | B28: {=IF($A28="","",IFERROR(_xlfn.XLOOKUP($A28,'T4.2026'!$A$2:$A$1000,'T4.2026'!$B$2:$B$1000),""))} | C28: {=IF($A28="","",IFERROR(_xlfn.XLOOKUP($A28,'T4.2026'!$A$2:$A$1000,'T4.2026'!$C$2:$C$1000),""))} | D28: {=IF($A28="","",ROUND(IFERROR(_xlfn.XLOOKUP($A28,'T4.2026'!$A$2:$A$1000,'T4.2026'!$D$2:$D$1000),0),0))} | E28: {=IF($A28="","",IFERROR(_xlfn.XLOOKUP($A28,'T4.2026'!$A$2:$A$1000,'T4.2026'!$E$2:$E$1000),0))} | F28: =IF($A28="","",IF(F$8=0,"",IF(SUM($AL28:$BO28)=0,0,ROUND($BU28*SUM($AL28:AL28)/SUM($AL28:$BO28),0)-0))) | G28: =IF($A28="","",IF(G$8=0,"",IF(SUM($AL28:$BO28)=0,0,ROUND($BU28*SUM($AL28:AM28)/SUM($AL28:$BO28),0)-ROUND($BU28*SUM($AL28:AL28)/SUM($AL28:$BO28),0)))) | H28: =IF($A28="","",IF(H$8=0,"",IF(SUM($AL28:$BO28)=0,0,ROUND($BU28*SUM($AL28:AN28)/SUM($AL28:$BO28),0)-ROUND($BU28*SUM($AL28:AM28)/SUM($AL28:$BO28),0)))) | I28: =IF($A28="","",IF(I$8=0,"",IF(SUM($AL28:$BO28)=0,0,ROUND($BU28*SUM($AL28:AO28)/SUM($AL28:$BO28),0)-ROUND($BU28*SUM($AL28:AN28)/SUM($AL28:$BO28),0)))) | J28: =IF($A28="","",IF(J$8=0,"",IF(SUM($AL28:$BO28)=0,0,ROUND($BU28*SUM($AL28:AP28)/SUM($AL28:$BO28),0)-ROUND($BU28*SUM($AL28:AO28)/SUM($AL28:$BO28),0)))) | K28: =IF($A28="","",IF(K$8=0,"",IF(SUM($AL28:$BO28)=0,0,ROUND($BU28*SUM($AL28:AQ28)/SUM($AL28:$BO28),0)-ROUND($BU28*SUM($AL28:AP28)/SUM($AL28:$BO28),0)))) | L28: =IF($A28="","",IF(L$8=0,"",IF(SUM($AL28:$BO28)=0,0,ROUND($BU28*SUM($AL28:AR28)/SUM($AL28:$BO28),0)-ROUND($BU28*SUM($AL28:AQ28)/SUM($AL28:$BO28),0)))) | M28: =IF($A28="","",IF(M$8=0,"",IF(SUM($AL28:$BO28)=0,0,ROUND($BU28*SUM($AL28:AS28)/SUM($AL28:$BO28),0)-ROUND($BU28*SUM($AL28:AR28)/SUM($AL28:$BO28),0)))) | N28: =IF($A28="","",IF(N$8=0,"",IF(SUM($AL28:$BO28)=0,0,ROUND($BU28*SUM($AL28:AT28)/SUM($AL28:$BO28),0)-ROUND($BU28*SUM($AL28:AS28)/SUM($AL28:$BO28),0)))) | ... AI28: =IF($A28="","",IF(AI$8=0,"",IF(SUM($AL28:$BO28)=0,0,ROUND($BU28*SUM($AL28:BO28)/SUM($AL28:$BO28),0)-ROUND($BU28*SUM($AL28:BN28)/SUM($AL28:$BO28),0)))) | AJ28: =IF($A28="","",SUM(F28:AI28)) | AK28: =IF($A28="","",E28-AJ28) | AL28: =IF($A28="","",IF((COLUMN()-COLUMN($AL$9))>($B$3-1),0,MAX(0.1,1+$D$3*(0.6*(2*MOD(ABS(SIN((COLUMN()-COLUMN($AL$9)+1)*12.9898+$B$2*0.0001))*43758.5453,1)-1)+0.4*SIN(($BV28+COLUMN()-COLUMN($AL$9))*2*PI()/7))))) | AM28: =IF($A28="","",IF((COLUMN()-COLUMN($AL$9))>($B$3-1),0,MAX(0.1,1+$D$3*(0.6*(2*MOD(ABS(SIN((COLUMN()-COLUMN($AL$9)+1)*12.9898+$B$2*0.0001))*43758.5453,1)-1)+0.4*SIN(($BV28+COLUMN()-COLUMN($AL$9))*2*PI()/7))))) | AN28: =IF($A28="","",IF((COLUMN()-COLUMN($AL$9))>($B$3-1),0,MAX(0.1,1+$D$3*(0.6*(2*MOD(ABS(SIN((COLUMN()-COLUMN($AL$9)+1)*12.9898+$B$2*0.0001))*43758.5453,1)-1)+0.4*SIN(($BV28+COLUMN()-COLUMN($AL$9))*2*PI()/7))))) | AO28: =IF($A28="","",IF((COLUMN()-COLUMN($AL$9))>($B$3-1),0,MAX(0.1,1+$D$3*(0.6*(2*MOD(ABS(SIN((COLUMN()-COLUMN($AL$9)+1)*12.9898+$B$2*0.0001))*43758.5453,1)-1)+0.4*SIN(($BV28+COLUMN()-COLUMN($AL$9))*2*PI()/7))))) | AP28: =IF($A28="","",IF((COLUMN()-COLUMN($AL$9))>($B$3-1),0,MAX(0.1,1+$D$3*(0.6*(2*MOD(ABS(SIN((COLUMN()-COLUMN($AL$9)+1)*12.9898+$B$2*0.0001))*43758.5453,1)-1)+0.4*SIN(($BV28+COLUMN()-COLUMN($AL$9))*2*PI()/7))))) | AQ28: =IF($A28="","",IF((COLUMN()-COLUMN($AL$9))>($B$3-1),0,MAX(0.1,1+$D$3*(0.6*(2*MOD(ABS(SIN((COLUMN()-COLUMN($AL$9)+1)*12.9898+$B$2*0.0001))*43758.5453,1)-1)+0.4*SIN(($BV28+COLUMN()-COLUMN($AL$9))*2*PI()/7))))) | AR28: =IF($A28="","",IF((COLUMN()-COLUMN($AL$9))>($B$3-1),0,MAX(0.1,1+$D$3*(0.6*(2*MOD(ABS(SIN((COLUMN()-COLUMN($AL$9)+1)*12.9898+$B$2*0.0001))*43758.5453,1)-1)+0.4*SIN(($BV28+COLUMN()-COLUMN($AL$9))*2*PI()/7))))) | AS28: =IF($A28="","",IF((COLUMN()-COLUMN($AL$9))>($B$3-1),0,MAX(0.1,1+$D$3*(0.6*(2*MOD(ABS(SIN((COLUMN()-COLUMN($AL$9)+1)*12.9898+$B$2*0.0001))*43758.5453,1)-1)+0.4*SIN(($BV28+COLUMN()-COLUMN($AL$9))*2*PI()/7))))) | ... BO28: =IF($A28="","",IF((COLUMN()-COLUMN($AL$9))>($B$3-1),0,MAX(0.1,1+$D$3*(0.6*(2*MOD(ABS(SIN((COLUMN()-COLUMN($AL$9)+1)*12.9898+$B$2*0.0001))*43758.5453,1)-1)+0.4*SIN(($BV28+COLUMN()-COLUMN($AL$9))*2*PI()/7))))) | BP28: =IF($A28="","",$A28) | BQ28: =IF($A28="","",$E28) | BR28: =IF($A28="","",$D28) | BS28: =IF($A28="","",ROUNDDOWN(BQ28*MIN(1,$B$2/SUMPRODUCT($BQ$9:$BQ$82,$BR$9:$BR$82)),0)) | BT28: =IF($A28="","",MIN(BQ28-BS28,MAX(0,ROUNDDOWN(($B$2-SUMPRODUCT($BS$9:$BS$82,$BR$9:$BR$82)-SUMPRODUCT($BT$9:BT27,$BR$9:BR27))/BR28,0)))) | BU28: =IF($A28="","",BS28+BT28) | BV28: =IF($A28="","",MOD(ROW()-5,30))
A29: =IFERROR(__xludf.DUMMYFUNCTION("IFERROR(INDEX(FILTER(T4.2026!$A$2:$A$1000, T4.2026!$A$2:$A$1000<>""""), ROWS($A$9:A29)), """")"),"") | B29: {=IF($A29="","",IFERROR(_xlfn.XLOOKUP($A29,'T4.2026'!$A$2:$A$1000,'T4.2026'!$B$2:$B$1000),""))} | C29: {=IF($A29="","",IFERROR(_xlfn.XLOOKUP($A29,'T4.2026'!$A$2:$A$1000,'T4.2026'!$C$2:$C$1000),""))} | D29: {=IF($A29="","",ROUND(IFERROR(_xlfn.XLOOKUP($A29,'T4.2026'!$A$2:$A$1000,'T4.2026'!$D$2:$D$1000),0),0))} | E29: {=IF($A29="","",IFERROR(_xlfn.XLOOKUP($A29,'T4.2026'!$A$2:$A$1000,'T4.2026'!$E$2:$E$1000),0))} | F29: =IF($A29="","",IF(F$8=0,"",IF(SUM($AL29:$BO29)=0,0,ROUND($BU29*SUM($AL29:AL29)/SUM($AL29:$BO29),0)-0))) | G29: =IF($A29="","",IF(G$8=0,"",IF(SUM($AL29:$BO29)=0,0,ROUND($BU29*SUM($AL29:AM29)/SUM($AL29:$BO29),0)-ROUND($BU29*SUM($AL29:AL29)/SUM($AL29:$BO29),0)))) | H29: =IF($A29="","",IF(H$8=0,"",IF(SUM($AL29:$BO29)=0,0,ROUND($BU29*SUM($AL29:AN29)/SUM($AL29:$BO29),0)-ROUND($BU29*SUM($AL29:AM29)/SUM($AL29:$BO29),0)))) | I29: =IF($A29="","",IF(I$8=0,"",IF(SUM($AL29:$BO29)=0,0,ROUND($BU29*SUM($AL29:AO29)/SUM($AL29:$BO29),0)-ROUND($BU29*SUM($AL29:AN29)/SUM($AL29:$BO29),0)))) | J29: =IF($A29="","",IF(J$8=0,"",IF(SUM($AL29:$BO29)=0,0,ROUND($BU29*SUM($AL29:AP29)/SUM($AL29:$BO29),0)-ROUND($BU29*SUM($AL29:AO29)/SUM($AL29:$BO29),0)))) | K29: =IF($A29="","",IF(K$8=0,"",IF(SUM($AL29:$BO29)=0,0,ROUND($BU29*SUM($AL29:AQ29)/SUM($AL29:$BO29),0)-ROUND($BU29*SUM($AL29:AP29)/SUM($AL29:$BO29),0)))) | L29: =IF($A29="","",IF(L$8=0,"",IF(SUM($AL29:$BO29)=0,0,ROUND($BU29*SUM($AL29:AR29)/SUM($AL29:$BO29),0)-ROUND($BU29*SUM($AL29:AQ29)/SUM($AL29:$BO29),0)))) | M29: =IF($A29="","",IF(M$8=0,"",IF(SUM($AL29:$BO29)=0,0,ROUND($BU29*SUM($AL29:AS29)/SUM($AL29:$BO29),0)-ROUND($BU29*SUM($AL29:AR29)/SUM($AL29:$BO29),0)))) | N29: =IF($A29="","",IF(N$8=0,"",IF(SUM($AL29:$BO29)=0,0,ROUND($BU29*SUM($AL29:AT29)/SUM($AL29:$BO29),0)-ROUND($BU29*SUM($AL29:AS29)/SUM($AL29:$BO29),0)))) | ... AI29: =IF($A29="","",IF(AI$8=0,"",IF(SUM($AL29:$BO29)=0,0,ROUND($BU29*SUM($AL29:BO29)/SUM($AL29:$BO29),0)-ROUND($BU29*SUM($AL29:BN29)/SUM($AL29:$BO29),0)))) | AJ29: =IF($A29="","",SUM(F29:AI29)) | AK29: =IF($A29="","",E29-AJ29) | AL29: =IF($A29="","",IF((COLUMN()-COLUMN($AL$9))>($B$3-1),0,MAX(0.1,1+$D$3*(0.6*(2*MOD(ABS(SIN((COLUMN()-COLUMN($AL$9)+1)*12.9898+$B$2*0.0001))*43758.5453,1)-1)+0.4*SIN(($BV29+COLUMN()-COLUMN($AL$9))*2*PI()/7))))) | AM29: =IF($A29="","",IF((COLUMN()-COLUMN($AL$9))>($B$3-1),0,MAX(0.1,1+$D$3*(0.6*(2*MOD(ABS(SIN((COLUMN()-COLUMN($AL$9)+1)*12.9898+$B$2*0.0001))*43758.5453,1)-1)+0.4*SIN(($BV29+COLUMN()-COLUMN($AL$9))*2*PI()/7))))) | AN29: =IF($A29="","",IF((COLUMN()-COLUMN($AL$9))>($B$3-1),0,MAX(0.1,1+$D$3*(0.6*(2*MOD(ABS(SIN((COLUMN()-COLUMN($AL$9)+1)*12.9898+$B$2*0.0001))*43758.5453,1)-1)+0.4*SIN(($BV29+COLUMN()-COLUMN($AL$9))*2*PI()/7))))) | AO29: =IF($A29="","",IF((COLUMN()-COLUMN($AL$9))>($B$3-1),0,MAX(0.1,1+$D$3*(0.6*(2*MOD(ABS(SIN((COLUMN()-COLUMN($AL$9)+1)*12.9898+$B$2*0.0001))*43758.5453,1)-1)+0.4*SIN(($BV29+COLUMN()-COLUMN($AL$9))*2*PI()/7))))) | AP29: =IF($A29="","",IF((COLUMN()-COLUMN($AL$9))>($B$3-1),0,MAX(0.1,1+$D$3*(0.6*(2*MOD(ABS(SIN((COLUMN()-COLUMN($AL$9)+1)*12.9898+$B$2*0.0001))*43758.5453,1)-1)+0.4*SIN(($BV29+COLUMN()-COLUMN($AL$9))*2*PI()/7))))) | AQ29: =IF($A29="","",IF((COLUMN()-COLUMN($AL$9))>($B$3-1),0,MAX(0.1,1+$D$3*(0.6*(2*MOD(ABS(SIN((COLUMN()-COLUMN($AL$9)+1)*12.9898+$B$2*0.0001))*43758.5453,1)-1)+0.4*SIN(($BV29+COLUMN()-COLUMN($AL$9))*2*PI()/7))))) | AR29: =IF($A29="","",IF((COLUMN()-COLUMN($AL$9))>($B$3-1),0,MAX(0.1,1+$D$3*(0.6*(2*MOD(ABS(SIN((COLUMN()-COLUMN($AL$9)+1)*12.9898+$B$2*0.0001))*43758.5453,1)-1)+0.4*SIN(($BV29+COLUMN()-COLUMN($AL$9))*2*PI()/7))))) | AS29: =IF($A29="","",IF((COLUMN()-COLUMN($AL$9))>($B$3-1),0,MAX(0.1,1+$D$3*(0.6*(2*MOD(ABS(SIN((COLUMN()-COLUMN($AL$9)+1)*12.9898+$B$2*0.0001))*43758.5453,1)-1)+0.4*SIN(($BV29+COLUMN()-COLUMN($AL$9))*2*PI()/7))))) | ... BO29: =IF($A29="","",IF((COLUMN()-COLUMN($AL$9))>($B$3-1),0,MAX(0.1,1+$D$3*(0.6*(2*MOD(ABS(SIN((COLUMN()-COLUMN($AL$9)+1)*12.9898+$B$2*0.0001))*43758.5453,1)-1)+0.4*SIN(($BV29+COLUMN()-COLUMN($AL$9))*2*PI()/7))))) | BP29: =IF($A29="","",$A29) | BQ29: =IF($A29="","",$E29) | BR29: =IF($A29="","",$D29) | BS29: =IF($A29="","",ROUNDDOWN(BQ29*MIN(1,$B$2/SUMPRODUCT($BQ$9:$BQ$82,$BR$9:$BR$82)),0)) | BT29: =IF($A29="","",MIN(BQ29-BS29,MAX(0,ROUNDDOWN(($B$2-SUMPRODUCT($BS$9:$BS$82,$BR$9:$BR$82)-SUMPRODUCT($BT$9:BT28,$BR$9:BR28))/BR29,0)))) | BU29: =IF($A29="","",BS29+BT29) | BV29: =IF($A29="","",MOD(ROW()-5,30))
A30: =IFERROR(__xludf.DUMMYFUNCTION("IFERROR(INDEX(FILTER(T4.2026!$A$2:$A$1000, T4.2026!$A$2:$A$1000<>""""), ROWS($A$9:A30)), """")"),"") | B30: {=IF($A30="","",IFERROR(_xlfn.XLOOKUP($A30,'T4.2026'!$A$2:$A$1000,'T4.2026'!$B$2:$B$1000),""))} | C30: {=IF($A30="","",IFERROR(_xlfn.XLOOKUP($A30,'T4.2026'!$A$2:$A$1000,'T4.2026'!$C$2:$C$1000),""))} | D30: {=IF($A30="","",ROUND(IFERROR(_xlfn.XLOOKUP($A30,'T4.2026'!$A$2:$A$1000,'T4.2026'!$D$2:$D$1000),0),0))} | E30: {=IF($A30="","",IFERROR(_xlfn.XLOOKUP($A30,'T4.2026'!$A$2:$A$1000,'T4.2026'!$E$2:$E$1000),0))} | F30: =IF($A30="","",IF(F$8=0,"",IF(SUM($AL30:$BO30)=0,0,ROUND($BU30*SUM($AL30:AL30)/SUM($AL30:$BO30),0)-0))) | G30: =IF($A30="","",IF(G$8=0,"",IF(SUM($AL30:$BO30)=0,0,ROUND($BU30*SUM($AL30:AM30)/SUM($AL30:$BO30),0)-ROUND($BU30*SUM($AL30:AL30)/SUM($AL30:$BO30),0)))) | H30: =IF($A30="","",IF(H$8=0,"",IF(SUM($AL30:$BO30)=0,0,ROUND($BU30*SUM($AL30:AN30)/SUM($AL30:$BO30),0)-ROUND($BU30*SUM($AL30:AM30)/SUM($AL30:$BO30),0)))) | I30: =IF($A30="","",IF(I$8=0,"",IF(SUM($AL30:$BO30)=0,0,ROUND($BU30*SUM($AL30:AO30)/SUM($AL30:$BO30),0)-ROUND($BU30*SUM($AL30:AN30)/SUM($AL30:$BO30),0)))) | J30: =IF($A30="","",IF(J$8=0,"",IF(SUM($AL30:$BO30)=0,0,ROUND($BU30*SUM($AL30:AP30)/SUM($AL30:$BO30),0)-ROUND($BU30*SUM($AL30:AO30)/SUM($AL30:$BO30),0)))) | K30: =IF($A30="","",IF(K$8=0,"",IF(SUM($AL30:$BO30)=0,0,ROUND($BU30*SUM($AL30:AQ30)/SUM($AL30:$BO30),0)-ROUND($BU30*SUM($AL30:AP30)/SUM($AL30:$BO30),0)))) | L30: =IF($A30="","",IF(L$8=0,"",IF(SUM($AL30:$BO30)=0,0,ROUND($BU30*SUM($AL30:AR30)/SUM($AL30:$BO30),0)-ROUND($BU30*SUM($AL30:AQ30)/SUM($AL30:$BO30),0)))) | M30: =IF($A30="","",IF(M$8=0,"",IF(SUM($AL30:$BO30)=0,0,ROUND($BU30*SUM($AL30:AS30)/SUM($AL30:$BO30),0)-ROUND($BU30*SUM($AL30:AR30)/SUM($AL30:$BO30),0)))) | N30: =IF($A30="","",IF(N$8=0,"",IF(SUM($AL30:$BO30)=0,0,ROUND($BU30*SUM($AL30:AT30)/SUM($AL30:$BO30),0)-ROUND($BU30*SUM($AL30:AS30)/SUM($AL30:$BO30),0)))) | ... AI30: =IF($A30="","",IF(AI$8=0,"",IF(SUM($AL30:$BO30)=0,0,ROUND($BU30*SUM($AL30:BO30)/SUM($AL30:$BO30),0)-ROUND($BU30*SUM($AL30:BN30)/SUM($AL30:$BO30),0)))) | AJ30: =IF($A30="","",SUM(F30:AI30)) | AK30: =IF($A30="","",E30-AJ30) | AL30: =IF($A30="","",IF((COLUMN()-COLUMN($AL$9))>($B$3-1),0,MAX(0.1,1+$D$3*(0.6*(2*MOD(ABS(SIN((COLUMN()-COLUMN($AL$9)+1)*12.9898+$B$2*0.0001))*43758.5453,1)-1)+0.4*SIN(($BV30+COLUMN()-COLUMN($AL$9))*2*PI()/7))))) | AM30: =IF($A30="","",IF((COLUMN()-COLUMN($AL$9))>($B$3-1),0,MAX(0.1,1+$D$3*(0.6*(2*MOD(ABS(SIN((COLUMN()-COLUMN($AL$9)+1)*12.9898+$B$2*0.0001))*43758.5453,1)-1)+0.4*SIN(($BV30+COLUMN()-COLUMN($AL$9))*2*PI()/7))))) | AN30: =IF($A30="","",IF((COLUMN()-COLUMN($AL$9))>($B$3-1),0,MAX(0.1,1+$D$3*(0.6*(2*MOD(ABS(SIN((COLUMN()-COLUMN($AL$9)+1)*12.9898+$B$2*0.0001))*43758.5453,1)-1)+0.4*SIN(($BV30+COLUMN()-COLUMN($AL$9))*2*PI()/7))))) | AO30: =IF($A30="","",IF((COLUMN()-COLUMN($AL$9))>($B$3-1),0,MAX(0.1,1+$D$3*(0.6*(2*MOD(ABS(SIN((COLUMN()-COLUMN($AL$9)+1)*12.9898+$B$2*0.0001))*43758.5453,1)-1)+0.4*SIN(($BV30+COLUMN()-COLUMN($AL$9))*2*PI()/7))))) | AP30: =IF($A30="","",IF((COLUMN()-COLUMN($AL$9))>($B$3-1),0,MAX(0.1,1+$D$3*(0.6*(2*MOD(ABS(SIN((COLUMN()-COLUMN($AL$9)+1)*12.9898+$B$2*0.0001))*43758.5453,1)-1)+0.4*SIN(($BV30+COLUMN()-COLUMN($AL$9))*2*PI()/7))))) | AQ30: =IF($A30="","",IF((COLUMN()-COLUMN($AL$9))>($B$3-1),0,MAX(0.1,1+$D$3*(0.6*(2*MOD(ABS(SIN((COLUMN()-COLUMN($AL$9)+1)*12.9898+$B$2*0.0001))*43758.5453,1)-1)+0.4*SIN(($BV30+COLUMN()-COLUMN($AL$9))*2*PI()/7))))) | AR30: =IF($A30="","",IF((COLUMN()-COLUMN($AL$9))>($B$3-1),0,MAX(0.1,1+$D$3*(0.6*(2*MOD(ABS(SIN((COLUMN()-COLUMN($AL$9)+1)*12.9898+$B$2*0.0001))*43758.5453,1)-1)+0.4*SIN(($BV30+COLUMN()-COLUMN($AL$9))*2*PI()/7))))) | AS30: =IF($A30="","",IF((COLUMN()-COLUMN($AL$9))>($B$3-1),0,MAX(0.1,1+$D$3*(0.6*(2*MOD(ABS(SIN((COLUMN()-COLUMN($AL$9)+1)*12.9898+$B$2*0.0001))*43758.5453,1)-1)+0.4*SIN(($BV30+COLUMN()-COLUMN($AL$9))*2*PI()/7))))) | ... BO30: =IF($A30="","",IF((COLUMN()-COLUMN($AL$9))>($B$3-1),0,MAX(0.1,1+$D$3*(0.6*(2*MOD(ABS(SIN((COLUMN()-COLUMN($AL$9)+1)*12.9898+$B$2*0.0001))*43758.5453,1)-1)+0.4*SIN(($BV30+COLUMN()-COLUMN($AL$9))*2*PI()/7))))) | BP30: =IF($A30="","",$A30) | BQ30: =IF($A30="","",$E30) | BR30: =IF($A30="","",$D30) | BS30: =IF($A30="","",ROUNDDOWN(BQ30*MIN(1,$B$2/SUMPRODUCT($BQ$9:$BQ$82,$BR$9:$BR$82)),0)) | BT30: =IF($A30="","",MIN(BQ30-BS30,MAX(0,ROUNDDOWN(($B$2-SUMPRODUCT($BS$9:$BS$82,$BR$9:$BR$82)-SUMPRODUCT($BT$9:BT29,$BR$9:BR29))/BR30,0)))) | BU30: =IF($A30="","",BS30+BT30) | BV30: =IF($A30="","",MOD(ROW()-5,30))
A31: =IFERROR(__xludf.DUMMYFUNCTION("IFERROR(INDEX(FILTER(T4.2026!$A$2:$A$1000, T4.2026!$A$2:$A$1000<>""""), ROWS($A$9:A31)), """")"),"") | B31: {=IF($A31="","",IFERROR(_xlfn.XLOOKUP($A31,'T4.2026'!$A$2:$A$1000,'T4.2026'!$B$2:$B$1000),""))} | C31: {=IF($A31="","",IFERROR(_xlfn.XLOOKUP($A31,'T4.2026'!$A$2:$A$1000,'T4.2026'!$C$2:$C$1000),""))} | D31: {=IF($A31="","",ROUND(IFERROR(_xlfn.XLOOKUP($A31,'T4.2026'!$A$2:$A$1000,'T4.2026'!$D$2:$D$1000),0),0))} | E31: {=IF($A31="","",IFERROR(_xlfn.XLOOKUP($A31,'T4.2026'!$A$2:$A$1000,'T4.2026'!$E$2:$E$1000),0))} | F31: =IF($A31="","",IF(F$8=0,"",IF(SUM($AL31:$BO31)=0,0,ROUND($BU31*SUM($AL31:AL31)/SUM($AL31:$BO31),0)-0))) | G31: =IF($A31="","",IF(G$8=0,"",IF(SUM($AL31:$BO31)=0,0,ROUND($BU31*SUM($AL31:AM31)/SUM($AL31:$BO31),0)-ROUND($BU31*SUM($AL31:AL31)/SUM($AL31:$BO31),0)))) | H31: =IF($A31="","",IF(H$8=0,"",IF(SUM($AL31:$BO31)=0,0,ROUND($BU31*SUM($AL31:AN31)/SUM($AL31:$BO31),0)-ROUND($BU31*SUM($AL31:AM31)/SUM($AL31:$BO31),0)))) | I31: =IF($A31="","",IF(I$8=0,"",IF(SUM($AL31:$BO31)=0,0,ROUND($BU31*SUM($AL31:AO31)/SUM($AL31:$BO31),0)-ROUND($BU31*SUM($AL31:AN31)/SUM($AL31:$BO31),0)))) | J31: =IF($A31="","",IF(J$8=0,"",IF(SUM($AL31:$BO31)=0,0,ROUND($BU31*SUM($AL31:AP31)/SUM($AL31:$BO31),0)-ROUND($BU31*SUM($AL31:AO31)/SUM($AL31:$BO31),0)))) | K31: =IF($A31="","",IF(K$8=0,"",IF(SUM($AL31:$BO31)=0,0,ROUND($BU31*SUM($AL31:AQ31)/SUM($AL31:$BO31),0)-ROUND($BU31*SUM($AL31:AP31)/SUM($AL31:$BO31),0)))) | L31: =IF($A31="","",IF(L$8=0,"",IF(SUM($AL31:$BO31)=0,0,ROUND($BU31*SUM($AL31:AR31)/SUM($AL31:$BO31),0)-ROUND($BU31*SUM($AL31:AQ31)/SUM($AL31:$BO31),0)))) | M31: =IF($A31="","",IF(M$8=0,"",IF(SUM($AL31:$BO31)=0,0,ROUND($BU31*SUM($AL31:AS31)/SUM($AL31:$BO31),0)-ROUND($BU31*SUM($AL31:AR31)/SUM($AL31:$BO31),0)))) | N31: =IF($A31="","",IF(N$8=0,"",IF(SUM($AL31:$BO31)=0,0,ROUND($BU31*SUM($AL31:AT31)/SUM($AL31:$BO31),0)-ROUND($BU31*SUM($AL31:AS31)/SUM($AL31:$BO31),0)))) | ... AI31: =IF($A31="","",IF(AI$8=0,"",IF(SUM($AL31:$BO31)=0,0,ROUND($BU31*SUM($AL31:BO31)/SUM($AL31:$BO31),0)-ROUND($BU31*SUM($AL31:BN31)/SUM($AL31:$BO31),0)))) | AJ31: =IF($A31="","",SUM(F31:AI31)) | AK31: =IF($A31="","",E31-AJ31) | AL31: =IF($A31="","",IF((COLUMN()-COLUMN($AL$9))>($B$3-1),0,MAX(0.1,1+$D$3*(0.6*(2*MOD(ABS(SIN((COLUMN()-COLUMN($AL$9)+1)*12.9898+$B$2*0.0001))*43758.5453,1)-1)+0.4*SIN(($BV31+COLUMN()-COLUMN($AL$9))*2*PI()/7))))) | AM31: =IF($A31="","",IF((COLUMN()-COLUMN($AL$9))>($B$3-1),0,MAX(0.1,1+$D$3*(0.6*(2*MOD(ABS(SIN((COLUMN()-COLUMN($AL$9)+1)*12.9898+$B$2*0.0001))*43758.5453,1)-1)+0.4*SIN(($BV31+COLUMN()-COLUMN($AL$9))*2*PI()/7))))) | AN31: =IF($A31="","",IF((COLUMN()-COLUMN($AL$9))>($B$3-1),0,MAX(0.1,1+$D$3*(0.6*(2*MOD(ABS(SIN((COLUMN()-COLUMN($AL$9)+1)*12.9898+$B$2*0.0001))*43758.5453,1)-1)+0.4*SIN(($BV31+COLUMN()-COLUMN($AL$9))*2*PI()/7))))) | AO31: =IF($A31="","",IF((COLUMN()-COLUMN($AL$9))>($B$3-1),0,MAX(0.1,1+$D$3*(0.6*(2*MOD(ABS(SIN((COLUMN()-COLUMN($AL$9)+1)*12.9898+$B$2*0.0001))*43758.5453,1)-1)+0.4*SIN(($BV31+COLUMN()-COLUMN($AL$9))*2*PI()/7))))) | AP31: =IF($A31="","",IF((COLUMN()-COLUMN($AL$9))>($B$3-1),0,MAX(0.1,1+$D$3*(0.6*(2*MOD(ABS(SIN((COLUMN()-COLUMN($AL$9)+1)*12.9898+$B$2*0.0001))*43758.5453,1)-1)+0.4*SIN(($BV31+COLUMN()-COLUMN($AL$9))*2*PI()/7))))) | AQ31: =IF($A31="","",IF((COLUMN()-COLUMN($AL$9))>($B$3-1),0,MAX(0.1,1+$D$3*(0.6*(2*MOD(ABS(SIN((COLUMN()-COLUMN($AL$9)+1)*12.9898+$B$2*0.0001))*43758.5453,1)-1)+0.4*SIN(($BV31+COLUMN()-COLUMN($AL$9))*2*PI()/7))))) | AR31: =IF($A31="","",IF((COLUMN()-COLUMN($AL$9))>($B$3-1),0,MAX(0.1,1+$D$3*(0.6*(2*MOD(ABS(SIN((COLUMN()-COLUMN($AL$9)+1)*12.9898+$B$2*0.0001))*43758.5453,1)-1)+0.4*SIN(($BV31+COLUMN()-COLUMN($AL$9))*2*PI()/7))))) | AS31: =IF($A31="","",IF((COLUMN()-COLUMN($AL$9))>($B$3-1),0,MAX(0.1,1+$D$3*(0.6*(2*MOD(ABS(SIN((COLUMN()-COLUMN($AL$9)+1)*12.9898+$B$2*0.0001))*43758.5453,1)-1)+0.4*SIN(($BV31+COLUMN()-COLUMN($AL$9))*2*PI()/7))))) | ... BO31: =IF($A31="","",IF((COLUMN()-COLUMN($AL$9))>($B$3-1),0,MAX(0.1,1+$D$3*(0.6*(2*MOD(ABS(SIN((COLUMN()-COLUMN($AL$9)+1)*12.9898+$B$2*0.0001))*43758.5453,1)-1)+0.4*SIN(($BV31+COLUMN()-COLUMN($AL$9))*2*PI()/7))))) | BP31: =IF($A31="","",$A31) | BQ31: =IF($A31="","",$E31) | BR31: =IF($A31="","",$D31) | BS31: =IF($A31="","",ROUNDDOWN(BQ31*MIN(1,$B$2/SUMPRODUCT($BQ$9:$BQ$82,$BR$9:$BR$82)),0)) | BT31: =IF($A31="","",MIN(BQ31-BS31,MAX(0,ROUNDDOWN(($B$2-SUMPRODUCT($BS$9:$BS$82,$BR$9:$BR$82)-SUMPRODUCT($BT$9:BT30,$BR$9:BR30))/BR31,0)))) | BU31: =IF($A31="","",BS31+BT31) | BV31: =IF($A31="","",MOD(ROW()-5,30))
A32: =IFERROR(__xludf.DUMMYFUNCTION("IFERROR(INDEX(FILTER(T4.2026!$A$2:$A$1000, T4.2026!$A$2:$A$1000<>""""), ROWS($A$9:A32)), """")"),"") | B32: {=IF($A32="","",IFERROR(_xlfn.XLOOKUP($A32,'T4.2026'!$A$2:$A$1000,'T4.2026'!$B$2:$B$1000),""))} | C32: {=IF($A32="","",IFERROR(_xlfn.XLOOKUP($A32,'T4.2026'!$A$2:$A$1000,'T4.2026'!$C$2:$C$1000),""))} | D32: {=IF($A32="","",ROUND(IFERROR(_xlfn.XLOOKUP($A32,'T4.2026'!$A$2:$A$1000,'T4.2026'!$D$2:$D$1000),0),0))} | E32: {=IF($A32="","",IFERROR(_xlfn.XLOOKUP($A32,'T4.2026'!$A$2:$A$1000,'T4.2026'!$E$2:$E$1000),0))} | F32: =IF($A32="","",IF(F$8=0,"",IF(SUM($AL32:$BO32)=0,0,ROUND($BU32*SUM($AL32:AL32)/SUM($AL32:$BO32),0)-0))) | G32: =IF($A32="","",IF(G$8=0,"",IF(SUM($AL32:$BO32)=0,0,ROUND($BU32*SUM($AL32:AM32)/SUM($AL32:$BO32),0)-ROUND($BU32*SUM($AL32:AL32)/SUM($AL32:$BO32),0)))) | H32: =IF($A32="","",IF(H$8=0,"",IF(SUM($AL32:$BO32)=0,0,ROUND($BU32*SUM($AL32:AN32)/SUM($AL32:$BO32),0)-ROUND($BU32*SUM($AL32:AM32)/SUM($AL32:$BO32),0)))) | I32: =IF($A32="","",IF(I$8=0,"",IF(SUM($AL32:$BO32)=0,0,ROUND($BU32*SUM($AL32:AO32)/SUM($AL32:$BO32),0)-ROUND($BU32*SUM($AL32:AN32)/SUM($AL32:$BO32),0)))) | J32: =IF($A32="","",IF(J$8=0,"",IF(SUM($AL32:$BO32)=0,0,ROUND($BU32*SUM($AL32:AP32)/SUM($AL32:$BO32),0)-ROUND($BU32*SUM($AL32:AO32)/SUM($AL32:$BO32),0)))) | K32: =IF($A32="","",IF(K$8=0,"",IF(SUM($AL32:$BO32)=0,0,ROUND($BU32*SUM($AL32:AQ32)/SUM($AL32:$BO32),0)-ROUND($BU32*SUM($AL32:AP32)/SUM($AL32:$BO32),0)))) | L32: =IF($A32="","",IF(L$8=0,"",IF(SUM($AL32:$BO32)=0,0,ROUND($BU32*SUM($AL32:AR32)/SUM($AL32:$BO32),0)-ROUND($BU32*SUM($AL32:AQ32)/SUM($AL32:$BO32),0)))) | M32: =IF($A32="","",IF(M$8=0,"",IF(SUM($AL32:$BO32)=0,0,ROUND($BU32*SUM($AL32:AS32)/SUM($AL32:$BO32),0)-ROUND($BU32*SUM($AL32:AR32)/SUM($AL32:$BO32),0)))) | N32: =IF($A32="","",IF(N$8=0,"",IF(SUM($AL32:$BO32)=0,0,ROUND($BU32*SUM($AL32:AT32)/SUM($AL32:$BO32),0)-ROUND($BU32*SUM($AL32:AS32)/SUM($AL32:$BO32),0)))) | ... AI32: =IF($A32="","",IF(AI$8=0,"",IF(SUM($AL32:$BO32)=0,0,ROUND($BU32*SUM($AL32:BO32)/SUM($AL32:$BO32),0)-ROUND($BU32*SUM($AL32:BN32)/SUM($AL32:$BO32),0)))) | AJ32: =IF($A32="","",SUM(F32:AI32)) | AK32: =IF($A32="","",E32-AJ32) | AL32: =IF($A32="","",IF((COLUMN()-COLUMN($AL$9))>($B$3-1),0,MAX(0.1,1+$D$3*(0.6*(2*MOD(ABS(SIN((COLUMN()-COLUMN($AL$9)+1)*12.9898+$B$2*0.0001))*43758.5453,1)-1)+0.4*SIN(($BV32+COLUMN()-COLUMN($AL$9))*2*PI()/7))))) | AM32: =IF($A32="","",IF((COLUMN()-COLUMN($AL$9))>($B$3-1),0,MAX(0.1,1+$D$3*(0.6*(2*MOD(ABS(SIN((COLUMN()-COLUMN($AL$9)+1)*12.9898+$B$2*0.0001))*43758.5453,1)-1)+0.4*SIN(($BV32+COLUMN()-COLUMN($AL$9))*2*PI()/7))))) | AN32: =IF($A32="","",IF((COLUMN()-COLUMN($AL$9))>($B$3-1),0,MAX(0.1,1+$D$3*(0.6*(2*MOD(ABS(SIN((COLUMN()-COLUMN($AL$9)+1)*12.9898+$B$2*0.0001))*43758.5453,1)-1)+0.4*SIN(($BV32+COLUMN()-COLUMN($AL$9))*2*PI()/7))))) | AO32: =IF($A32="","",IF((COLUMN()-COLUMN($AL$9))>($B$3-1),0,MAX(0.1,1+$D$3*(0.6*(2*MOD(ABS(SIN((COLUMN()-COLUMN($AL$9)+1)*12.9898+$B$2*0.0001))*43758.5453,1)-1)+0.4*SIN(($BV32+COLUMN()-COLUMN($AL$9))*2*PI()/7))))) | AP32: =IF($A32="","",IF((COLUMN()-COLUMN($AL$9))>($B$3-1),0,MAX(0.1,1+$D$3*(0.6*(2*MOD(ABS(SIN((COLUMN()-COLUMN($AL$9)+1)*12.9898+$B$2*0.0001))*43758.5453,1)-1)+0.4*SIN(($BV32+COLUMN()-COLUMN($AL$9))*2*PI()/7))))) | AQ32: =IF($A32="","",IF((COLUMN()-COLUMN($AL$9))>($B$3-1),0,MAX(0.1,1+$D$3*(0.6*(2*MOD(ABS(SIN((COLUMN()-COLUMN($AL$9)+1)*12.9898+$B$2*0.0001))*43758.5453,1)-1)+0.4*SIN(($BV32+COLUMN()-COLUMN($AL$9))*2*PI()/7))))) | AR32: =IF($A32="","",IF((COLUMN()-COLUMN($AL$9))>($B$3-1),0,MAX(0.1,1+$D$3*(0.6*(2*MOD(ABS(SIN((COLUMN()-COLUMN($AL$9)+1)*12.9898+$B$2*0.0001))*43758.5453,1)-1)+0.4*SIN(($BV32+COLUMN()-COLUMN($AL$9))*2*PI()/7))))) | AS32: =IF($A32="","",IF((COLUMN()-COLUMN($AL$9))>($B$3-1),0,MAX(0.1,1+$D$3*(0.6*(2*MOD(ABS(SIN((COLUMN()-COLUMN($AL$9)+1)*12.9898+$B$2*0.0001))*43758.5453,1)-1)+0.4*SIN(($BV32+COLUMN()-COLUMN($AL$9))*2*PI()/7))))) | ... BO32: =IF($A32="","",IF((COLUMN()-COLUMN($AL$9))>($B$3-1),0,MAX(0.1,1+$D$3*(0.6*(2*MOD(ABS(SIN((COLUMN()-COLUMN($AL$9)+1)*12.9898+$B$2*0.0001))*43758.5453,1)-1)+0.4*SIN(($BV32+COLUMN()-COLUMN($AL$9))*2*PI()/7))))) | BP32: =IF($A32="","",$A32) | BQ32: =IF($A32="","",$E32) | BR32: =IF($A32="","",$D32) | BS32: =IF($A32="","",ROUNDDOWN(BQ32*MIN(1,$B$2/SUMPRODUCT($BQ$9:$BQ$82,$BR$9:$BR$82)),0)) | BT32: =IF($A32="","",MIN(BQ32-BS32,MAX(0,ROUNDDOWN(($B$2-SUMPRODUCT($BS$9:$BS$82,$BR$9:$BR$82)-SUMPRODUCT($BT$9:BT31,$BR$9:BR31))/BR32,0)))) | BU32: =IF($A32="","",BS32+BT32) | BV32: =IF($A32="","",MOD(ROW()-5,30))
A33: =IFERROR(__xludf.DUMMYFUNCTION("IFERROR(INDEX(FILTER(T4.2026!$A$2:$A$1000, T4.2026!$A$2:$A$1000<>""""), ROWS($A$9:A33)), """")"),"") | B33: {=IF($A33="","",IFERROR(_xlfn.XLOOKUP($A33,'T4.2026'!$A$2:$A$1000,'T4.2026'!$B$2:$B$1000),""))} | C33: {=IF($A33="","",IFERROR(_xlfn.XLOOKUP($A33,'T4.2026'!$A$2:$A$1000,'T4.2026'!$C$2:$C$1000),""))} | D33: {=IF($A33="","",ROUND(IFERROR(_xlfn.XLOOKUP($A33,'T4.2026'!$A$2:$A$1000,'T4.2026'!$D$2:$D$1000),0),0))} | E33: {=IF($A33="","",IFERROR(_xlfn.XLOOKUP($A33,'T4.2026'!$A$2:$A$1000,'T4.2026'!$E$2:$E$1000),0))} | F33: =IF($A33="","",IF(F$8=0,"",IF(SUM($AL33:$BO33)=0,0,ROUND($BU33*SUM($AL33:AL33)/SUM($AL33:$BO33),0)-0))) | G33: =IF($A33="","",IF(G$8=0,"",IF(SUM($AL33:$BO33)=0,0,ROUND($BU33*SUM($AL33:AM33)/SUM($AL33:$BO33),0)-ROUND($BU33*SUM($AL33:AL33)/SUM($AL33:$BO33),0)))) | H33: =IF($A33="","",IF(H$8=0,"",IF(SUM($AL33:$BO33)=0,0,ROUND($BU33*SUM($AL33:AN33)/SUM($AL33:$BO33),0)-ROUND($BU33*SUM($AL33:AM33)/SUM($AL33:$BO33),0)))) | I33: =IF($A33="","",IF(I$8=0,"",IF(SUM($AL33:$BO33)=0,0,ROUND($BU33*SUM($AL33:AO33)/SUM($AL33:$BO33),0)-ROUND($BU33*SUM($AL33:AN33)/SUM($AL33:$BO33),0)))) | J33: =IF($A33="","",IF(J$8=0,"",IF(SUM($AL33:$BO33)=0,0,ROUND($BU33*SUM($AL33:AP33)/SUM($AL33:$BO33),0)-ROUND($BU33*SUM($AL33:AO33)/SUM($AL33:$BO33),0)))) | K33: =IF($A33="","",IF(K$8=0,"",IF(SUM($AL33:$BO33)=0,0,ROUND($BU33*SUM($AL33:AQ33)/SUM($AL33:$BO33),0)-ROUND($BU33*SUM($AL33:AP33)/SUM($AL33:$BO33),0)))) | L33: =IF($A33="","",IF(L$8=0,"",IF(SUM($AL33:$BO33)=0,0,ROUND($BU33*SUM($AL33:AR33)/SUM($AL33:$BO33),0)-ROUND($BU33*SUM($AL33:AQ33)/SUM($AL33:$BO33),0)))) | M33: =IF($A33="","",IF(M$8=0,"",IF(SUM($AL33:$BO33)=0,0,ROUND($BU33*SUM($AL33:AS33)/SUM($AL33:$BO33),0)-ROUND($BU33*SUM($AL33:AR33)/SUM($AL33:$BO33),0)))) | N33: =IF($A33="","",IF(N$8=0,"",IF(SUM($AL33:$BO33)=0,0,ROUND($BU33*SUM($AL33:AT33)/SUM($AL33:$BO33),0)-ROUND($BU33*SUM($AL33:AS33)/SUM($AL33:$BO33),0)))) | ... AI33: =IF($A33="","",IF(AI$8=0,"",IF(SUM($AL33:$BO33)=0,0,ROUND($BU33*SUM($AL33:BO33)/SUM($AL33:$BO33),0)-ROUND($BU33*SUM($AL33:BN33)/SUM($AL33:$BO33),0)))) | AJ33: =IF($A33="","",SUM(F33:AI33)) | AK33: =IF($A33="","",E33-AJ33) | AL33: =IF($A33="","",IF((COLUMN()-COLUMN($AL$9))>($B$3-1),0,MAX(0.1,1+$D$3*(0.6*(2*MOD(ABS(SIN((COLUMN()-COLUMN($AL$9)+1)*12.9898+$B$2*0.0001))*43758.5453,1)-1)+0.4*SIN(($BV33+COLUMN()-COLUMN($AL$9))*2*PI()/7))))) | AM33: =IF($A33="","",IF((COLUMN()-COLUMN($AL$9))>($B$3-1),0,MAX(0.1,1+$D$3*(0.6*(2*MOD(ABS(SIN((COLUMN()-COLUMN($AL$9)+1)*12.9898+$B$2*0.0001))*43758.5453,1)-1)+0.4*SIN(($BV33+COLUMN()-COLUMN($AL$9))*2*PI()/7))))) | AN33: =IF($A33="","",IF((COLUMN()-COLUMN($AL$9))>($B$3-1),0,MAX(0.1,1+$D$3*(0.6*(2*MOD(ABS(SIN((COLUMN()-COLUMN($AL$9)+1)*12.9898+$B$2*0.0001))*43758.5453,1)-1)+0.4*SIN(($BV33+COLUMN()-COLUMN($AL$9))*2*PI()/7))))) | AO33: =IF($A33="","",IF((COLUMN()-COLUMN($AL$9))>($B$3-1),0,MAX(0.1,1+$D$3*(0.6*(2*MOD(ABS(SIN((COLUMN()-COLUMN($AL$9)+1)*12.9898+$B$2*0.0001))*43758.5453,1)-1)+0.4*SIN(($BV33+COLUMN()-COLUMN($AL$9))*2*PI()/7))))) | AP33: =IF($A33="","",IF((COLUMN()-COLUMN($AL$9))>($B$3-1),0,MAX(0.1,1+$D$3*(0.6*(2*MOD(ABS(SIN((COLUMN()-COLUMN($AL$9)+1)*12.9898+$B$2*0.0001))*43758.5453,1)-1)+0.4*SIN(($BV33+COLUMN()-COLUMN($AL$9))*2*PI()/7))))) | AQ33: =IF($A33="","",IF((COLUMN()-COLUMN($AL$9))>($B$3-1),0,MAX(0.1,1+$D$3*(0.6*(2*MOD(ABS(SIN((COLUMN()-COLUMN($AL$9)+1)*12.9898+$B$2*0.0001))*43758.5453,1)-1)+0.4*SIN(($BV33+COLUMN()-COLUMN($AL$9))*2*PI()/7))))) | AR33: =IF($A33="","",IF((COLUMN()-COLUMN($AL$9))>($B$3-1),0,MAX(0.1,1+$D$3*(0.6*(2*MOD(ABS(SIN((COLUMN()-COLUMN($AL$9)+1)*12.9898+$B$2*0.0001))*43758.5453,1)-1)+0.4*SIN(($BV33+COLUMN()-COLUMN($AL$9))*2*PI()/7))))) | AS33: =IF($A33="","",IF((COLUMN()-COLUMN($AL$9))>($B$3-1),0,MAX(0.1,1+$D$3*(0.6*(2*MOD(ABS(SIN((COLUMN()-COLUMN($AL$9)+1)*12.9898+$B$2*0.0001))*43758.5453,1)-1)+0.4*SIN(($BV33+COLUMN()-COLUMN($AL$9))*2*PI()/7))))) | ... BO33: =IF($A33="","",IF((COLUMN()-COLUMN($AL$9))>($B$3-1),0,MAX(0.1,1+$D$3*(0.6*(2*MOD(ABS(SIN((COLUMN()-COLUMN($AL$9)+1)*12.9898+$B$2*0.0001))*43758.5453,1)-1)+0.4*SIN(($BV33+COLUMN()-COLUMN($AL$9))*2*PI()/7))))) | BP33: =IF($A33="","",$A33) | BQ33: =IF($A33="","",$E33) | BR33: =IF($A33="","",$D33) | BS33: =IF($A33="","",ROUNDDOWN(BQ33*MIN(1,$B$2/SUMPRODUCT($BQ$9:$BQ$82,$BR$9:$BR$82)),0)) | BT33: =IF($A33="","",MIN(BQ33-BS33,MAX(0,ROUNDDOWN(($B$2-SUMPRODUCT($BS$9:$BS$82,$BR$9:$BR$82)-SUMPRODUCT($BT$9:BT32,$BR$9:BR32))/BR33,0)))) | BU33: =IF($A33="","",BS33+BT33) | BV33: =IF($A33="","",MOD(ROW()-5,30))
A34: =IFERROR(__xludf.DUMMYFUNCTION("IFERROR(INDEX(FILTER(T4.2026!$A$2:$A$1000, T4.2026!$A$2:$A$1000<>""""), ROWS($A$9:A34)), """")"),"") | B34: {=IF($A34="","",IFERROR(_xlfn.XLOOKUP($A34,'T4.2026'!$A$2:$A$1000,'T4.2026'!$B$2:$B$1000),""))} | C34: {=IF($A34="","",IFERROR(_xlfn.XLOOKUP($A34,'T4.2026'!$A$2:$A$1000,'T4.2026'!$C$2:$C$1000),""))} | D34: {=IF($A34="","",ROUND(IFERROR(_xlfn.XLOOKUP($A34,'T4.2026'!$A$2:$A$1000,'T4.2026'!$D$2:$D$1000),0),0))} | E34: {=IF($A34="","",IFERROR(_xlfn.XLOOKUP($A34,'T4.2026'!$A$2:$A$1000,'T4.2026'!$E$2:$E$1000),0))} | F34: =IF($A34="","",IF(F$8=0,"",IF(SUM($AL34:$BO34)=0,0,ROUND($BU34*SUM($AL34:AL34)/SUM($AL34:$BO34),0)-0))) | G34: =IF($A34="","",IF(G$8=0,"",IF(SUM($AL34:$BO34)=0,0,ROUND($BU34*SUM($AL34:AM34)/SUM($AL34:$BO34),0)-ROUND($BU34*SUM($AL34:AL34)/SUM($AL34:$BO34),0)))) | H34: =IF($A34="","",IF(H$8=0,"",IF(SUM($AL34:$BO34)=0,0,ROUND($BU34*SUM($AL34:AN34)/SUM($AL34:$BO34),0)-ROUND($BU34*SUM($AL34:AM34)/SUM($AL34:$BO34),0)))) | I34: =IF($A34="","",IF(I$8=0,"",IF(SUM($AL34:$BO34)=0,0,ROUND($BU34*SUM($AL34:AO34)/SUM($AL34:$BO34),0)-ROUND($BU34*SUM($AL34:AN34)/SUM($AL34:$BO34),0)))) | J34: =IF($A34="","",IF(J$8=0,"",IF(SUM($AL34:$BO34)=0,0,ROUND($BU34*SUM($AL34:AP34)/SUM($AL34:$BO34),0)-ROUND($BU34*SUM($AL34:AO34)/SUM($AL34:$BO34),0)))) | K34: =IF($A34="","",IF(K$8=0,"",IF(SUM($AL34:$BO34)=0,0,ROUND($BU34*SUM($AL34:AQ34)/SUM($AL34:$BO34),0)-ROUND($BU34*SUM($AL34:AP34)/SUM($AL34:$BO34),0)))) | L34: =IF($A34="","",IF(L$8=0,"",IF(SUM($AL34:$BO34)=0,0,ROUND($BU34*SUM($AL34:AR34)/SUM($AL34:$BO34),0)-ROUND($BU34*SUM($AL34:AQ34)/SUM($AL34:$BO34),0)))) | M34: =IF($A34="","",IF(M$8=0,"",IF(SUM($AL34:$BO34)=0,0,ROUND($BU34*SUM($AL34:AS34)/SUM($AL34:$BO34),0)-ROUND($BU34*SUM($AL34:AR34)/SUM($AL34:$BO34),0)))) | N34: =IF($A34="","",IF(N$8=0,"",IF(SUM($AL34:$BO34)=0,0,ROUND($BU34*SUM($AL34:AT34)/SUM($AL34:$BO34),0)-ROUND($BU34*SUM($AL34:AS34)/SUM($AL34:$BO34),0)))) | ... AI34: =IF($A34="","",IF(AI$8=0,"",IF(SUM($AL34:$BO34)=0,0,ROUND($BU34*SUM($AL34:BO34)/SUM($AL34:$BO34),0)-ROUND($BU34*SUM($AL34:BN34)/SUM($AL34:$BO34),0)))) | AJ34: =IF($A34="","",SUM(F34:AI34)) | AK34: =IF($A34="","",E34-AJ34) | AL34: =IF($A34="","",IF((COLUMN()-COLUMN($AL$9))>($B$3-1),0,MAX(0.1,1+$D$3*(0.6*(2*MOD(ABS(SIN((COLUMN()-COLUMN($AL$9)+1)*12.9898+$B$2*0.0001))*43758.5453,1)-1)+0.4*SIN(($BV34+COLUMN()-COLUMN($AL$9))*2*PI()/7))))) | AM34: =IF($A34="","",IF((COLUMN()-COLUMN($AL$9))>($B$3-1),0,MAX(0.1,1+$D$3*(0.6*(2*MOD(ABS(SIN((COLUMN()-COLUMN($AL$9)+1)*12.9898+$B$2*0.0001))*43758.5453,1)-1)+0.4*SIN(($BV34+COLUMN()-COLUMN($AL$9))*2*PI()/7))))) | AN34: =IF($A34="","",IF((COLUMN()-COLUMN($AL$9))>($B$3-1),0,MAX(0.1,1+$D$3*(0.6*(2*MOD(ABS(SIN((COLUMN()-COLUMN($AL$9)+1)*12.9898+$B$2*0.0001))*43758.5453,1)-1)+0.4*SIN(($BV34+COLUMN()-COLUMN($AL$9))*2*PI()/7))))) | AO34: =IF($A34="","",IF((COLUMN()-COLUMN($AL$9))>($B$3-1),0,MAX(0.1,1+$D$3*(0.6*(2*MOD(ABS(SIN((COLUMN()-COLUMN($AL$9)+1)*12.9898+$B$2*0.0001))*43758.5453,1)-1)+0.4*SIN(($BV34+COLUMN()-COLUMN($AL$9))*2*PI()/7))))) | AP34: =IF($A34="","",IF((COLUMN()-COLUMN($AL$9))>($B$3-1),0,MAX(0.1,1+$D$3*(0.6*(2*MOD(ABS(SIN((COLUMN()-COLUMN($AL$9)+1)*12.9898+$B$2*0.0001))*43758.5453,1)-1)+0.4*SIN(($BV34+COLUMN()-COLUMN($AL$9))*2*PI()/7))))) | AQ34: =IF($A34="","",IF((COLUMN()-COLUMN($AL$9))>($B$3-1),0,MAX(0.1,1+$D$3*(0.6*(2*MOD(ABS(SIN((COLUMN()-COLUMN($AL$9)+1)*12.9898+$B$2*0.0001))*43758.5453,1)-1)+0.4*SIN(($BV34+COLUMN()-COLUMN($AL$9))*2*PI()/7))))) | AR34: =IF($A34="","",IF((COLUMN()-COLUMN($AL$9))>($B$3-1),0,MAX(0.1,1+$D$3*(0.6*(2*MOD(ABS(SIN((COLUMN()-COLUMN($AL$9)+1)*12.9898+$B$2*0.0001))*43758.5453,1)-1)+0.4*SIN(($BV34+COLUMN()-COLUMN($AL$9))*2*PI()/7))))) | AS34: =IF($A34="","",IF((COLUMN()-COLUMN($AL$9))>($B$3-1),0,MAX(0.1,1+$D$3*(0.6*(2*MOD(ABS(SIN((COLUMN()-COLUMN($AL$9)+1)*12.9898+$B$2*0.0001))*43758.5453,1)-1)+0.4*SIN(($BV34+COLUMN()-COLUMN($AL$9))*2*PI()/7))))) | ... BO34: =IF($A34="","",IF((COLUMN()-COLUMN($AL$9))>($B$3-1),0,MAX(0.1,1+$D$3*(0.6*(2*MOD(ABS(SIN((COLUMN()-COLUMN($AL$9)+1)*12.9898+$B$2*0.0001))*43758.5453,1)-1)+0.4*SIN(($BV34+COLUMN()-COLUMN($AL$9))*2*PI()/7))))) | BP34: =IF($A34="","",$A34) | BQ34: =IF($A34="","",$E34) | BR34: =IF($A34="","",$D34) | BS34: =IF($A34="","",ROUNDDOWN(BQ34*MIN(1,$B$2/SUMPRODUCT($BQ$9:$BQ$82,$BR$9:$BR$82)),0)) | BT34: =IF($A34="","",MIN(BQ34-BS34,MAX(0,ROUNDDOWN(($B$2-SUMPRODUCT($BS$9:$BS$82,$BR$9:$BR$82)-SUMPRODUCT($BT$9:BT33,$BR$9:BR33))/BR34,0)))) | BU34: =IF($A34="","",BS34+BT34) | BV34: =IF($A34="","",MOD(ROW()-5,30))
A35: =IFERROR(__xludf.DUMMYFUNCTION("IFERROR(INDEX(FILTER(T4.2026!$A$2:$A$1000, T4.2026!$A$2:$A$1000<>""""), ROWS($A$9:A35)), """")"),"") | B35: {=IF($A35="","",IFERROR(_xlfn.XLOOKUP($A35,'T4.2026'!$A$2:$A$1000,'T4.2026'!$B$2:$B$1000),""))} | C35: {=IF($A35="","",IFERROR(_xlfn.XLOOKUP($A35,'T4.2026'!$A$2:$A$1000,'T4.2026'!$C$2:$C$1000),""))} | D35: {=IF($A35="","",ROUND(IFERROR(_xlfn.XLOOKUP($A35,'T4.2026'!$A$2:$A$1000,'T4.2026'!$D$2:$D$1000),0),0))} | E35: {=IF($A35="","",IFERROR(_xlfn.XLOOKUP($A35,'T4.2026'!$A$2:$A$1000,'T4.2026'!$E$2:$E$1000),0))} | F35: =IF($A35="","",IF(F$8=0,"",IF(SUM($AL35:$BO35)=0,0,ROUND($BU35*SUM($AL35:AL35)/SUM($AL35:$BO35),0)-0))) | G35: =IF($A35="","",IF(G$8=0,"",IF(SUM($AL35:$BO35)=0,0,ROUND($BU35*SUM($AL35:AM35)/SUM($AL35:$BO35),0)-ROUND($BU35*SUM($AL35:AL35)/SUM($AL35:$BO35),0)))) | H35: =IF($A35="","",IF(H$8=0,"",IF(SUM($AL35:$BO35)=0,0,ROUND($BU35*SUM($AL35:AN35)/SUM($AL35:$BO35),0)-ROUND($BU35*SUM($AL35:AM35)/SUM($AL35:$BO35),0)))) | I35: =IF($A35="","",IF(I$8=0,"",IF(SUM($AL35:$BO35)=0,0,ROUND($BU35*SUM($AL35:AO35)/SUM($AL35:$BO35),0)-ROUND($BU35*SUM($AL35:AN35)/SUM($AL35:$BO35),0)))) | J35: =IF($A35="","",IF(J$8=0,"",IF(SUM($AL35:$BO35)=0,0,ROUND($BU35*SUM($AL35:AP35)/SUM($AL35:$BO35),0)-ROUND($BU35*SUM($AL35:AO35)/SUM($AL35:$BO35),0)))) | K35: =IF($A35="","",IF(K$8=0,"",IF(SUM($AL35:$BO35)=0,0,ROUND($BU35*SUM($AL35:AQ35)/SUM($AL35:$BO35),0)-ROUND($BU35*SUM($AL35:AP35)/SUM($AL35:$BO35),0)))) | L35: =IF($A35="","",IF(L$8=0,"",IF(SUM($AL35:$BO35)=0,0,ROUND($BU35*SUM($AL35:AR35)/SUM($AL35:$BO35),0)-ROUND($BU35*SUM($AL35:AQ35)/SUM($AL35:$BO35),0)))) | M35: =IF($A35="","",IF(M$8=0,"",IF(SUM($AL35:$BO35)=0,0,ROUND($BU35*SUM($AL35:AS35)/SUM($AL35:$BO35),0)-ROUND($BU35*SUM($AL35:AR35)/SUM($AL35:$BO35),0)))) | N35: =IF($A35="","",IF(N$8=0,"",IF(SUM($AL35:$BO35)=0,0,ROUND($BU35*SUM($AL35:AT35)/SUM($AL35:$BO35),0)-ROUND($BU35*SUM($AL35:AS35)/SUM($AL35:$BO35),0)))) | ... AI35: =IF($A35="","",IF(AI$8=0,"",IF(SUM($AL35:$BO35)=0,0,ROUND($BU35*SUM($AL35:BO35)/SUM($AL35:$BO35),0)-ROUND($BU35*SUM($AL35:BN35)/SUM($AL35:$BO35),0)))) | AJ35: =IF($A35="","",SUM(F35:AI35)) | AK35: =IF($A35="","",E35-AJ35) | AL35: =IF($A35="","",IF((COLUMN()-COLUMN($AL$9))>($B$3-1),0,MAX(0.1,1+$D$3*(0.6*(2*MOD(ABS(SIN((COLUMN()-COLUMN($AL$9)+1)*12.9898+$B$2*0.0001))*43758.5453,1)-1)+0.4*SIN(($BV35+COLUMN()-COLUMN($AL$9))*2*PI()/7))))) | AM35: =IF($A35="","",IF((COLUMN()-COLUMN($AL$9))>($B$3-1),0,MAX(0.1,1+$D$3*(0.6*(2*MOD(ABS(SIN((COLUMN()-COLUMN($AL$9)+1)*12.9898+$B$2*0.0001))*43758.5453,1)-1)+0.4*SIN(($BV35+COLUMN()-COLUMN($AL$9))*2*PI()/7))))) | AN35: =IF($A35="","",IF((COLUMN()-COLUMN($AL$9))>($B$3-1),0,MAX(0.1,1+$D$3*(0.6*(2*MOD(ABS(SIN((COLUMN()-COLUMN($AL$9)+1)*12.9898+$B$2*0.0001))*43758.5453,1)-1)+0.4*SIN(($BV35+COLUMN()-COLUMN($AL$9))*2*PI()/7))))) | AO35: =IF($A35="","",IF((COLUMN()-COLUMN($AL$9))>($B$3-1),0,MAX(0.1,1+$D$3*(0.6*(2*MOD(ABS(SIN((COLUMN()-COLUMN($AL$9)+1)*12.9898+$B$2*0.0001))*43758.5453,1)-1)+0.4*SIN(($BV35+COLUMN()-COLUMN($AL$9))*2*PI()/7))))) | AP35: =IF($A35="","",IF((COLUMN()-COLUMN($AL$9))>($B$3-1),0,MAX(0.1,1+$D$3*(0.6*(2*MOD(ABS(SIN((COLUMN()-COLUMN($AL$9)+1)*12.9898+$B$2*0.0001))*43758.5453,1)-1)+0.4*SIN(($BV35+COLUMN()-COLUMN($AL$9))*2*PI()/7))))) | AQ35: =IF($A35="","",IF((COLUMN()-COLUMN($AL$9))>($B$3-1),0,MAX(0.1,1+$D$3*(0.6*(2*MOD(ABS(SIN((COLUMN()-COLUMN($AL$9)+1)*12.9898+$B$2*0.0001))*43758.5453,1)-1)+0.4*SIN(($BV35+COLUMN()-COLUMN($AL$9))*2*PI()/7))))) | AR35: =IF($A35="","",IF((COLUMN()-COLUMN($AL$9))>($B$3-1),0,MAX(0.1,1+$D$3*(0.6*(2*MOD(ABS(SIN((COLUMN()-COLUMN($AL$9)+1)*12.9898+$B$2*0.0001))*43758.5453,1)-1)+0.4*SIN(($BV35+COLUMN()-COLUMN($AL$9))*2*PI()/7))))) | AS35: =IF($A35="","",IF((COLUMN()-COLUMN($AL$9))>($B$3-1),0,MAX(0.1,1+$D$3*(0.6*(2*MOD(ABS(SIN((COLUMN()-COLUMN($AL$9)+1)*12.9898+$B$2*0.0001))*43758.5453,1)-1)+0.4*SIN(($BV35+COLUMN()-COLUMN($AL$9))*2*PI()/7))))) | ... BO35: =IF($A35="","",IF((COLUMN()-COLUMN($AL$9))>($B$3-1),0,MAX(0.1,1+$D$3*(0.6*(2*MOD(ABS(SIN((COLUMN()-COLUMN($AL$9)+1)*12.9898+$B$2*0.0001))*43758.5453,1)-1)+0.4*SIN(($BV35+COLUMN()-COLUMN($AL$9))*2*PI()/7))))) | BP35: =IF($A35="","",$A35) | BQ35: =IF($A35="","",$E35) | BR35: =IF($A35="","",$D35) | BS35: =IF($A35="","",ROUNDDOWN(BQ35*MIN(1,$B$2/SUMPRODUCT($BQ$9:$BQ$82,$BR$9:$BR$82)),0)) | BT35: =IF($A35="","",MIN(BQ35-BS35,MAX(0,ROUNDDOWN(($B$2-SUMPRODUCT($BS$9:$BS$82,$BR$9:$BR$82)-SUMPRODUCT($BT$9:BT34,$BR$9:BR34))/BR35,0)))) | BU35: =IF($A35="","",BS35+BT35) | BV35: =IF($A35="","",MOD(ROW()-5,30))
A36: =IFERROR(__xludf.DUMMYFUNCTION("IFERROR(INDEX(FILTER(T4.2026!$A$2:$A$1000, T4.2026!$A$2:$A$1000<>""""), ROWS($A$9:A36)), """")"),"") | B36: {=IF($A36="","",IFERROR(_xlfn.XLOOKUP($A36,'T4.2026'!$A$2:$A$1000,'T4.2026'!$B$2:$B$1000),""))} | C36: {=IF($A36="","",IFERROR(_xlfn.XLOOKUP($A36,'T4.2026'!$A$2:$A$1000,'T4.2026'!$C$2:$C$1000),""))} | D36: {=IF($A36="","",ROUND(IFERROR(_xlfn.XLOOKUP($A36,'T4.2026'!$A$2:$A$1000,'T4.2026'!$D$2:$D$1000),0),0))} | E36: {=IF($A36="","",IFERROR(_xlfn.XLOOKUP($A36,'T4.2026'!$A$2:$A$1000,'T4.2026'!$E$2:$E$1000),0))} | F36: =IF($A36="","",IF(F$8=0,"",IF(SUM($AL36:$BO36)=0,0,ROUND($BU36*SUM($AL36:AL36)/SUM($AL36:$BO36),0)-0))) | G36: =IF($A36="","",IF(G$8=0,"",IF(SUM($AL36:$BO36)=0,0,ROUND($BU36*SUM($AL36:AM36)/SUM($AL36:$BO36),0)-ROUND($BU36*SUM($AL36:AL36)/SUM($AL36:$BO36),0)))) | H36: =IF($A36="","",IF(H$8=0,"",IF(SUM($AL36:$BO36)=0,0,ROUND($BU36*SUM($AL36:AN36)/SUM($AL36:$BO36),0)-ROUND($BU36*SUM($AL36:AM36)/SUM($AL36:$BO36),0)))) | I36: =IF($A36="","",IF(I$8=0,"",IF(SUM($AL36:$BO36)=0,0,ROUND($BU36*SUM($AL36:AO36)/SUM($AL36:$BO36),0)-ROUND($BU36*SUM($AL36:AN36)/SUM($AL36:$BO36),0)))) | J36: =IF($A36="","",IF(J$8=0,"",IF(SUM($AL36:$BO36)=0,0,ROUND($BU36*SUM($AL36:AP36)/SUM($AL36:$BO36),0)-ROUND($BU36*SUM($AL36:AO36)/SUM($AL36:$BO36),0)))) | K36: =IF($A36="","",IF(K$8=0,"",IF(SUM($AL36:$BO36)=0,0,ROUND($BU36*SUM($AL36:AQ36)/SUM($AL36:$BO36),0)-ROUND($BU36*SUM($AL36:AP36)/SUM($AL36:$BO36),0)))) | L36: =IF($A36="","",IF(L$8=0,"",IF(SUM($AL36:$BO36)=0,0,ROUND($BU36*SUM($AL36:AR36)/SUM($AL36:$BO36),0)-ROUND($BU36*SUM($AL36:AQ36)/SUM($AL36:$BO36),0)))) | M36: =IF($A36="","",IF(M$8=0,"",IF(SUM($AL36:$BO36)=0,0,ROUND($BU36*SUM($AL36:AS36)/SUM($AL36:$BO36),0)-ROUND($BU36*SUM($AL36:AR36)/SUM($AL36:$BO36),0)))) | N36: =IF($A36="","",IF(N$8=0,"",IF(SUM($AL36:$BO36)=0,0,ROUND($BU36*SUM($AL36:AT36)/SUM($AL36:$BO36),0)-ROUND($BU36*SUM($AL36:AS36)/SUM($AL36:$BO36),0)))) | ... AI36: =IF($A36="","",IF(AI$8=0,"",IF(SUM($AL36:$BO36)=0,0,ROUND($BU36*SUM($AL36:BO36)/SUM($AL36:$BO36),0)-ROUND($BU36*SUM($AL36:BN36)/SUM($AL36:$BO36),0)))) | AJ36: =IF($A36="","",SUM(F36:AI36)) | AK36: =IF($A36="","",E36-AJ36) | AL36: =IF($A36="","",IF((COLUMN()-COLUMN($AL$9))>($B$3-1),0,MAX(0.1,1+$D$3*(0.6*(2*MOD(ABS(SIN((COLUMN()-COLUMN($AL$9)+1)*12.9898+$B$2*0.0001))*43758.5453,1)-1)+0.4*SIN(($BV36+COLUMN()-COLUMN($AL$9))*2*PI()/7))))) | AM36: =IF($A36="","",IF((COLUMN()-COLUMN($AL$9))>($B$3-1),0,MAX(0.1,1+$D$3*(0.6*(2*MOD(ABS(SIN((COLUMN()-COLUMN($AL$9)+1)*12.9898+$B$2*0.0001))*43758.5453,1)-1)+0.4*SIN(($BV36+COLUMN()-COLUMN($AL$9))*2*PI()/7))))) | AN36: =IF($A36="","",IF((COLUMN()-COLUMN($AL$9))>($B$3-1),0,MAX(0.1,1+$D$3*(0.6*(2*MOD(ABS(SIN((COLUMN()-COLUMN($AL$9)+1)*12.9898+$B$2*0.0001))*43758.5453,1)-1)+0.4*SIN(($BV36+COLUMN()-COLUMN($AL$9))*2*PI()/7))))) | AO36: =IF($A36="","",IF((COLUMN()-COLUMN($AL$9))>($B$3-1),0,MAX(0.1,1+$D$3*(0.6*(2*MOD(ABS(SIN((COLUMN()-COLUMN($AL$9)+1)*12.9898+$B$2*0.0001))*43758.5453,1)-1)+0.4*SIN(($BV36+COLUMN()-COLUMN($AL$9))*2*PI()/7))))) | AP36: =IF($A36="","",IF((COLUMN()-COLUMN($AL$9))>($B$3-1),0,MAX(0.1,1+$D$3*(0.6*(2*MOD(ABS(SIN((COLUMN()-COLUMN($AL$9)+1)*12.9898+$B$2*0.0001))*43758.5453,1)-1)+0.4*SIN(($BV36+COLUMN()-COLUMN($AL$9))*2*PI()/7))))) | AQ36: =IF($A36="","",IF((COLUMN()-COLUMN($AL$9))>($B$3-1),0,MAX(0.1,1+$D$3*(0.6*(2*MOD(ABS(SIN((COLUMN()-COLUMN($AL$9)+1)*12.9898+$B$2*0.0001))*43758.5453,1)-1)+0.4*SIN(($BV36+COLUMN()-COLUMN($AL$9))*2*PI()/7))))) | AR36: =IF($A36="","",IF((COLUMN()-COLUMN($AL$9))>($B$3-1),0,MAX(0.1,1+$D$3*(0.6*(2*MOD(ABS(SIN((COLUMN()-COLUMN($AL$9)+1)*12.9898+$B$2*0.0001))*43758.5453,1)-1)+0.4*SIN(($BV36+COLUMN()-COLUMN($AL$9))*2*PI()/7))))) | AS36: =IF($A36="","",IF((COLUMN()-COLUMN($AL$9))>($B$3-1),0,MAX(0.1,1+$D$3*(0.6*(2*MOD(ABS(SIN((COLUMN()-COLUMN($AL$9)+1)*12.9898+$B$2*0.0001))*43758.5453,1)-1)+0.4*SIN(($BV36+COLUMN()-COLUMN($AL$9))*2*PI()/7))))) | ... BO36: =IF($A36="","",IF((COLUMN()-COLUMN($AL$9))>($B$3-1),0,MAX(0.1,1+$D$3*(0.6*(2*MOD(ABS(SIN((COLUMN()-COLUMN($AL$9)+1)*12.9898+$B$2*0.0001))*43758.5453,1)-1)+0.4*SIN(($BV36+COLUMN()-COLUMN($AL$9))*2*PI()/7))))) | BP36: =IF($A36="","",$A36) | BQ36: =IF($A36="","",$E36) | BR36: =IF($A36="","",$D36) | BS36: =IF($A36="","",ROUNDDOWN(BQ36*MIN(1,$B$2/SUMPRODUCT($BQ$9:$BQ$82,$BR$9:$BR$82)),0)) | BT36: =IF($A36="","",MIN(BQ36-BS36,MAX(0,ROUNDDOWN(($B$2-SUMPRODUCT($BS$9:$BS$82,$BR$9:$BR$82)-SUMPRODUCT($BT$9:BT35,$BR$9:BR35))/BR36,0)))) | BU36: =IF($A36="","",BS36+BT36) | BV36: =IF($A36="","",MOD(ROW()-5,30))
A37: =IFERROR(__xludf.DUMMYFUNCTION("IFERROR(INDEX(FILTER(T4.2026!$A$2:$A$1000, T4.2026!$A$2:$A$1000<>""""), ROWS($A$9:A37)), """")"),"") | B37: {=IF($A37="","",IFERROR(_xlfn.XLOOKUP($A37,'T4.2026'!$A$2:$A$1000,'T4.2026'!$B$2:$B$1000),""))} | C37: {=IF($A37="","",IFERROR(_xlfn.XLOOKUP($A37,'T4.2026'!$A$2:$A$1000,'T4.2026'!$C$2:$C$1000),""))} | D37: {=IF($A37="","",ROUND(IFERROR(_xlfn.XLOOKUP($A37,'T4.2026'!$A$2:$A$1000,'T4.2026'!$D$2:$D$1000),0),0))} | E37: {=IF($A37="","",IFERROR(_xlfn.XLOOKUP($A37,'T4.2026'!$A$2:$A$1000,'T4.2026'!$E$2:$E$1000),0))} | F37: =IF($A37="","",IF(F$8=0,"",IF(SUM($AL37:$BO37)=0,0,ROUND($BU37*SUM($AL37:AL37)/SUM($AL37:$BO37),0)-0))) | G37: =IF($A37="","",IF(G$8=0,"",IF(SUM($AL37:$BO37)=0,0,ROUND($BU37*SUM($AL37:AM37)/SUM($AL37:$BO37),0)-ROUND($BU37*SUM($AL37:AL37)/SUM($AL37:$BO37),0)))) | H37: =IF($A37="","",IF(H$8=0,"",IF(SUM($AL37:$BO37)=0,0,ROUND($BU37*SUM($AL37:AN37)/SUM($AL37:$BO37),0)-ROUND($BU37*SUM($AL37:AM37)/SUM($AL37:$BO37),0)))) | I37: =IF($A37="","",IF(I$8=0,"",IF(SUM($AL37:$BO37)=0,0,ROUND($BU37*SUM($AL37:AO37)/SUM($AL37:$BO37),0)-ROUND($BU37*SUM($AL37:AN37)/SUM($AL37:$BO37),0)))) | J37: =IF($A37="","",IF(J$8=0,"",IF(SUM($AL37:$BO37)=0,0,ROUND($BU37*SUM($AL37:AP37)/SUM($AL37:$BO37),0)-ROUND($BU37*SUM($AL37:AO37)/SUM($AL37:$BO37),0)))) | K37: =IF($A37="","",IF(K$8=0,"",IF(SUM($AL37:$BO37)=0,0,ROUND($BU37*SUM($AL37:AQ37)/SUM($AL37:$BO37),0)-ROUND($BU37*SUM($AL37:AP37)/SUM($AL37:$BO37),0)))) | L37: =IF($A37="","",IF(L$8=0,"",IF(SUM($AL37:$BO37)=0,0,ROUND($BU37*SUM($AL37:AR37)/SUM($AL37:$BO37),0)-ROUND($BU37*SUM($AL37:AQ37)/SUM($AL37:$BO37),0)))) | M37: =IF($A37="","",IF(M$8=0,"",IF(SUM($AL37:$BO37)=0,0,ROUND($BU37*SUM($AL37:AS37)/SUM($AL37:$BO37),0)-ROUND($BU37*SUM($AL37:AR37)/SUM($AL37:$BO37),0)))) | N37: =IF($A37="","",IF(N$8=0,"",IF(SUM($AL37:$BO37)=0,0,ROUND($BU37*SUM($AL37:AT37)/SUM($AL37:$BO37),0)-ROUND($BU37*SUM($AL37:AS37)/SUM($AL37:$BO37),0)))) | ... AI37: =IF($A37="","",IF(AI$8=0,"",IF(SUM($AL37:$BO37)=0,0,ROUND($BU37*SUM($AL37:BO37)/SUM($AL37:$BO37),0)-ROUND($BU37*SUM($AL37:BN37)/SUM($AL37:$BO37),0)))) | AJ37: =IF($A37="","",SUM(F37:AI37)) | AK37: =IF($A37="","",E37-AJ37) | AL37: =IF($A37="","",IF((COLUMN()-COLUMN($AL$9))>($B$3-1),0,MAX(0.1,1+$D$3*(0.6*(2*MOD(ABS(SIN((COLUMN()-COLUMN($AL$9)+1)*12.9898+$B$2*0.0001))*43758.5453,1)-1)+0.4*SIN(($BV37+COLUMN()-COLUMN($AL$9))*2*PI()/7))))) | AM37: =IF($A37="","",IF((COLUMN()-COLUMN($AL$9))>($B$3-1),0,MAX(0.1,1+$D$3*(0.6*(2*MOD(ABS(SIN((COLUMN()-COLUMN($AL$9)+1)*12.9898+$B$2*0.0001))*43758.5453,1)-1)+0.4*SIN(($BV37+COLUMN()-COLUMN($AL$9))*2*PI()/7))))) | AN37: =IF($A37="","",IF((COLUMN()-COLUMN($AL$9))>($B$3-1),0,MAX(0.1,1+$D$3*(0.6*(2*MOD(ABS(SIN((COLUMN()-COLUMN($AL$9)+1)*12.9898+$B$2*0.0001))*43758.5453,1)-1)+0.4*SIN(($BV37+COLUMN()-COLUMN($AL$9))*2*PI()/7))))) | AO37: =IF($A37="","",IF((COLUMN()-COLUMN($AL$9))>($B$3-1),0,MAX(0.1,1+$D$3*(0.6*(2*MOD(ABS(SIN((COLUMN()-COLUMN($AL$9)+1)*12.9898+$B$2*0.0001))*43758.5453,1)-1)+0.4*SIN(($BV37+COLUMN()-COLUMN($AL$9))*2*PI()/7))))) | AP37: =IF($A37="","",IF((COLUMN()-COLUMN($AL$9))>($B$3-1),0,MAX(0.1,1+$D$3*(0.6*(2*MOD(ABS(SIN((COLUMN()-COLUMN($AL$9)+1)*12.9898+$B$2*0.0001))*43758.5453,1)-1)+0.4*SIN(($BV37+COLUMN()-COLUMN($AL$9))*2*PI()/7))))) | AQ37: =IF($A37="","",IF((COLUMN()-COLUMN($AL$9))>($B$3-1),0,MAX(0.1,1+$D$3*(0.6*(2*MOD(ABS(SIN((COLUMN()-COLUMN($AL$9)+1)*12.9898+$B$2*0.0001))*43758.5453,1)-1)+0.4*SIN(($BV37+COLUMN()-COLUMN($AL$9))*2*PI()/7))))) | AR37: =IF($A37="","",IF((COLUMN()-COLUMN($AL$9))>($B$3-1),0,MAX(0.1,1+$D$3*(0.6*(2*MOD(ABS(SIN((COLUMN()-COLUMN($AL$9)+1)*12.9898+$B$2*0.0001))*43758.5453,1)-1)+0.4*SIN(($BV37+COLUMN()-COLUMN($AL$9))*2*PI()/7))))) | AS37: =IF($A37="","",IF((COLUMN()-COLUMN($AL$9))>($B$3-1),0,MAX(0.1,1+$D$3*(0.6*(2*MOD(ABS(SIN((COLUMN()-COLUMN($AL$9)+1)*12.9898+$B$2*0.0001))*43758.5453,1)-1)+0.4*SIN(($BV37+COLUMN()-COLUMN($AL$9))*2*PI()/7))))) | ... BO37: =IF($A37="","",IF((COLUMN()-COLUMN($AL$9))>($B$3-1),0,MAX(0.1,1+$D$3*(0.6*(2*MOD(ABS(SIN((COLUMN()-COLUMN($AL$9)+1)*12.9898+$B$2*0.0001))*43758.5453,1)-1)+0.4*SIN(($BV37+COLUMN()-COLUMN($AL$9))*2*PI()/7))))) | BP37: =IF($A37="","",$A37) | BQ37: =IF($A37="","",$E37) | BR37: =IF($A37="","",$D37) | BS37: =IF($A37="","",ROUNDDOWN(BQ37*MIN(1,$B$2/SUMPRODUCT($BQ$9:$BQ$82,$BR$9:$BR$82)),0)) | BT37: =IF($A37="","",MIN(BQ37-BS37,MAX(0,ROUNDDOWN(($B$2-SUMPRODUCT($BS$9:$BS$82,$BR$9:$BR$82)-SUMPRODUCT($BT$9:BT36,$BR$9:BR36))/BR37,0)))) | BU37: =IF($A37="","",BS37+BT37) | BV37: =IF($A37="","",MOD(ROW()-5,30))
